NORAD_ID,Satellite_Name,Station_Name,Peak_Elevation,Visibility_Start,Visibility_End,Effective_Start,Effective_End,Original_Duration,Night_Overlap_Duration
32729,0 DIRECTV 11,hanle,32.12,2025-10-07 13:45:00+00:00,2025-10-07 15:32:00+00:00,2025-10-07 13:45:00+00:00,2025-10-07 15:32:00+00:00,6420,6420.0
22988,0 USA 99,hanle,52.35,2025-10-07 13:45:00+00:00,2025-10-07 16:38:00+00:00,2025-10-07 13:45:00+00:00,2025-10-07 16:38:00+00:00,10380,10380.0
37602,0 TELSTAR 14R,hanle,51.5,2025-10-07 13:45:00+00:00,2025-10-07 17:56:30+00:00,2025-10-07 13:45:00+00:00,2025-10-07 17:56:30+00:00,15090,15090.0
23176,0 BS-3N,hanle,17.17,2025-10-07 13:45:00+00:00,2025-10-07 14:19:00+00:00,2025-10-07 13:45:00+00:00,2025-10-07 14:19:00+00:00,2040,2040.0
37344,0 ELEKTRO-L,hanle,55.94,2025-10-07 13:45:00+00:00,2025-10-07 19:38:30+00:00,2025-10-07 13:45:00+00:00,2025-10-07 19:38:30+00:00,21210,21210.0
37237,0 HYLAS 1,hanle,51.65,2025-10-07 13:45:00+00:00,2025-10-07 17:14:00+00:00,2025-10-07 13:45:00+00:00,2025-10-07 17:14:00+00:00,12540,12540.0
37218,0 SKYTERRA 1,hanle,33.5,2025-10-07 13:45:00+00:00,2025-10-07 15:35:30+00:00,2025-10-07 13:45:00+00:00,2025-10-07 15:35:30+00:00,6630,6630.0
37185,0 XM-5,hanle,19.1,2025-10-07 13:45:00+00:00,2025-10-07 14:28:00+00:00,2025-10-07 13:45:00+00:00,2025-10-07 14:28:00+00:00,2580,2580.0
23426,0 LUCH,hanle,41.67,2025-10-07 13:45:00+00:00,2025-10-07 19:22:00+00:00,2025-10-07 13:45:00+00:00,2025-10-07 19:22:00+00:00,20220,20220.0
36792,0 ECHOSTAR 15,hanle,16.07,2025-10-07 13:45:00+00:00,2025-10-07 14:13:30+00:00,2025-10-07 13:45:00+00:00,2025-10-07 14:13:30+00:00,1710,1710.0
36516,0 SES 1,hanle,30.66,2025-10-07 13:45:00+00:00,2025-10-07 15:24:30+00:00,2025-10-07 13:45:00+00:00,2025-10-07 15:24:30+00:00,5970,5970.0
36499,0 ECHOSTAR 14,hanle,15.98,2025-10-07 13:45:00+00:00,2025-10-07 14:13:00+00:00,2025-10-07 13:45:00+00:00,2025-10-07 14:13:00+00:00,1680,1680.0
36397,0 INTELSAT 16,hanle,47.23,2025-10-07 13:45:00+00:00,2025-10-07 17:03:30+00:00,2025-10-07 13:45:00+00:00,2025-10-07 17:03:30+00:00,11910,11910.0
23537,0 HOT BIRD 1,hanle,14.78,2025-10-07 13:45:00+00:00,2025-10-07 14:08:00+00:00,2025-10-07 13:45:00+00:00,2025-10-07 14:08:00+00:00,1380,1380.0
36395,0 SDO,hanle,37.19,2025-10-07 13:45:00+00:00,2025-10-07 16:27:00+00:00,2025-10-07 13:45:00+00:00,2025-10-07 16:27:00+00:00,9720,9720.0
36131,0 DIRECTV 12,hanle,29.33,2025-10-07 13:45:00+00:00,2025-10-07 15:18:00+00:00,2025-10-07 13:45:00+00:00,2025-10-07 15:18:00+00:00,5580,5580.0
23649,0 JCSAT 3,hanle,54.58,2025-10-07 13:45:00+00:00,2025-10-07 18:34:30+00:00,2025-10-07 13:45:00+00:00,2025-10-07 18:34:30+00:00,17370,17370.0
36097,0 INTELSAT 14,hanle,51.9,2025-10-07 13:45:00+00:00,2025-10-07 19:08:30+00:00,2025-10-07 13:45:00+00:00,2025-10-07 19:08:30+00:00,19410,19410.0
23670,0 TELSTAR 4 (TELSTAR 402R),hanle,31.39,2025-10-07 13:45:00+00:00,2025-10-07 15:18:30+00:00,2025-10-07 13:45:00+00:00,2025-10-07 15:18:30+00:00,5610,5610.0
35942,0 AMAZONAS 2,hanle,53.03,2025-10-07 13:45:00+00:00,2025-10-07 18:07:00+00:00,2025-10-07 13:45:00+00:00,2025-10-07 18:07:00+00:00,15720,15720.0
23712,0 USA 115,hanle,23.29,2025-10-07 13:45:00+00:00,2025-10-07 14:44:30+00:00,2025-10-07 13:45:00+00:00,2025-10-07 14:44:30+00:00,3570,3570.0
35873,0 NIMIQ 5,hanle,48.83,2025-10-07 13:45:00+00:00,2025-10-07 17:17:30+00:00,2025-10-07 13:45:00+00:00,2025-10-07 17:17:30+00:00,12750,12750.0
35496,0 TERRESTAR 1,hanle,25.39,2025-10-07 13:45:00+00:00,2025-10-07 14:57:30+00:00,2025-10-07 13:45:00+00:00,2025-10-07 14:57:30+00:00,4350,4350.0
35493,0 SIRIUS FM-5,hanle,41.5,2025-10-07 13:45:00+00:00,2025-10-07 16:24:00+00:00,2025-10-07 13:45:00+00:00,2025-10-07 16:24:00+00:00,9540,9540.0
35491,0 GOES 14,hanle,24.99,2025-10-07 13:45:00+00:00,2025-10-07 14:56:30+00:00,2025-10-07 13:45:00+00:00,2025-10-07 14:56:30+00:00,4290,4290.0
23877,0 GALAXY 9,hanle,50.59,2025-10-07 13:45:00+00:00,2025-10-07 16:38:30+00:00,2025-10-07 13:45:00+00:00,2025-10-07 16:38:30+00:00,10410,10410.0
23948,0 ARABSAT 2A,hanle,47.09,2025-10-07 13:45:00+00:00,2025-10-07 16:14:00+00:00,2025-10-07 13:45:00+00:00,2025-10-07 16:14:00+00:00,8940,8940.0
34264,0 RADUGA 1-8,hanle,59.41,2025-10-07 13:45:00+00:00,2025-10-07 18:48:30+00:00,2025-10-07 13:45:00+00:00,2025-10-07 18:48:30+00:00,18210,18210.0
22931,0 THAICOM 1,hanle,62.53,2025-10-07 13:45:00+00:00,2025-10-07 17:59:00+00:00,2025-10-07 13:45:00+00:00,2025-10-07 17:59:00+00:00,15240,15240.0
22927,0 TELSTAR 401,hanle,30.36,2025-10-07 13:45:00+00:00,2025-10-07 15:09:00+00:00,2025-10-07 13:45:00+00:00,2025-10-07 15:09:00+00:00,5040,5040.0
22911,0 SOLIDARIDAD 1,hanle,33.09,2025-10-07 13:45:00+00:00,2025-10-07 15:22:00+00:00,2025-10-07 13:45:00+00:00,2025-10-07 15:22:00+00:00,5820,5820.0
22871,0 INTELSAT 701,hanle,52.33,2025-10-07 13:45:00+00:00,2025-10-07 16:52:30+00:00,2025-10-07 13:45:00+00:00,2025-10-07 16:52:30+00:00,11250,11250.0
39120,0 SBIRS GEO 2 (USA 241),hanle,55.37,2025-10-07 13:45:00+00:00,2025-10-07 18:45:30+00:00,2025-10-07 13:45:00+00:00,2025-10-07 18:45:30+00:00,18030,18030.0
39078,0 AMAZONAS 3,hanle,51.72,2025-10-07 13:45:00+00:00,2025-10-07 18:04:30+00:00,2025-10-07 13:45:00+00:00,2025-10-07 18:04:30+00:00,15570,15570.0
39035,0 MEXSAT 3,hanle,19.41,2025-10-07 13:45:00+00:00,2025-10-07 14:29:30+00:00,2025-10-07 13:45:00+00:00,2025-10-07 14:29:30+00:00,2670,2670.0
21222,0 ANIK E2,hanle,45.75,2025-10-07 13:45:00+00:00,2025-10-07 16:10:00+00:00,2025-10-07 13:45:00+00:00,2025-10-07 16:10:00+00:00,8700,8700.0
39008,0 ECHOSTAR 16,hanle,51.69,2025-10-07 13:45:00+00:00,2025-10-07 18:02:00+00:00,2025-10-07 13:45:00+00:00,2025-10-07 18:02:00+00:00,15420,15420.0
21392,0 AURORA 2,hanle,29.96,2025-10-07 13:45:00+00:00,2025-10-07 15:10:30+00:00,2025-10-07 13:45:00+00:00,2025-10-07 15:10:30+00:00,5130,5130.0
21653,0 INTELSAT 605,hanle,25.25,2025-10-07 13:45:00+00:00,2025-10-07 14:54:00+00:00,2025-10-07 13:45:00+00:00,2025-10-07 14:54:00+00:00,4140,4140.0
21702,0 COSMOS 2155,hanle,51.4,2025-10-07 13:45:00+00:00,2025-10-07 16:48:30+00:00,2025-10-07 13:45:00+00:00,2025-10-07 16:48:30+00:00,11010,11010.0
38991,0 STARONE C3,hanle,47.77,2025-10-07 13:45:00+00:00,2025-10-07 17:08:00+00:00,2025-10-07 13:45:00+00:00,2025-10-07 17:08:00+00:00,12180,12180.0
21805,0 USA 75,hanle,48.74,2025-10-07 13:45:00+00:00,2025-10-07 16:18:30+00:00,2025-10-07 13:45:00+00:00,2025-10-07 16:18:30+00:00,9210,9210.0
38867,0 INTELSAT 23,hanle,51.85,2025-10-07 13:45:00+00:00,2025-10-07 18:36:00+00:00,2025-10-07 13:45:00+00:00,2025-10-07 18:36:00+00:00,17460,17460.0
21893,0 SUPERBIRD B1,hanle,59.56,2025-10-07 13:45:00+00:00,2025-10-07 17:26:00+00:00,2025-10-07 13:45:00+00:00,2025-10-07 17:26:00+00:00,13260,13260.0
38749,0 INTELSAT 21,hanle,51.9,2025-10-07 13:45:00+00:00,2025-10-07 18:16:30+00:00,2025-10-07 13:45:00+00:00,2025-10-07 18:16:30+00:00,16290,16290.0
24674,0 INMARSAT 3-F3,hanle,62.1,2025-10-07 13:45:00+00:00,2025-10-07 18:17:30+00:00,2025-10-07 13:45:00+00:00,2025-10-07 18:17:30+00:00,16350,16350.0
38741,0 HYLAS 2,hanle,50.55,2025-10-07 13:45:00+00:00,2025-10-07 17:22:30+00:00,2025-10-07 13:45:00+00:00,2025-10-07 17:22:30+00:00,13050,13050.0
22087,0 OPTUS B1 (AUSSAT B1),hanle,20.26,2025-10-07 13:45:00+00:00,2025-10-07 14:33:00+00:00,2025-10-07 13:45:00+00:00,2025-10-07 14:33:00+00:00,2880,2880.0
38342,0 NIMIQ 6,hanle,38.13,2025-10-07 13:45:00+00:00,2025-10-07 16:04:00+00:00,2025-10-07 13:45:00+00:00,2025-10-07 16:04:00+00:00,8340,8340.0
38093,0 MUOS 1,hanle,35.47,2025-10-07 13:45:00+00:00,2025-10-07 15:44:00+00:00,2025-10-07 13:45:00+00:00,2025-10-07 15:44:00+00:00,7140,7140.0
38049,0 FENGYUN 2F,hanle,30.7,2025-10-07 13:45:00+00:00,2025-10-07 15:23:30+00:00,2025-10-07 13:45:00+00:00,2025-10-07 15:23:30+00:00,5910,5910.0
22205,0 GALAXY 7,hanle,50.17,2025-10-07 13:45:00+00:00,2025-10-07 16:24:00+00:00,2025-10-07 13:45:00+00:00,2025-10-07 16:24:00+00:00,9540,9540.0
37843,0 VIASAT 1,hanle,19.14,2025-10-07 13:45:00+00:00,2025-10-07 14:28:00+00:00,2025-10-07 13:45:00+00:00,2025-10-07 14:28:00+00:00,2580,2580.0
37826,0 QUETZSAT 1,hanle,46.89,2025-10-07 13:45:00+00:00,2025-10-07 17:00:30+00:00,2025-10-07 13:45:00+00:00,2025-10-07 17:00:30+00:00,11730,11730.0
22253,0 SUPERBIRD A1,hanle,11.84,2025-10-07 13:45:00+00:00,2025-10-07 13:53:30+00:00,2025-10-07 13:45:00+00:00,2025-10-07 13:53:30+00:00,510,510.0
22314,0 TDRS 6,hanle,50.37,2025-10-07 13:45:00+00:00,2025-10-07 18:21:00+00:00,2025-10-07 13:45:00+00:00,2025-10-07 18:21:00+00:00,16560,16560.0
37809,0 SES 2,hanle,40.94,2025-10-07 13:45:00+00:00,2025-10-07 16:20:30+00:00,2025-10-07 13:45:00+00:00,2025-10-07 16:20:30+00:00,9330,9330.0
37806,0 COSMOS 2473,hanle,30.67,2025-10-07 13:45:00+00:00,2025-10-07 15:25:00+00:00,2025-10-07 13:45:00+00:00,2025-10-07 15:25:00+00:00,6000,6000.0
22796,0 ACTS,hanle,36.66,2025-10-07 13:45:00+00:00,2025-10-07 15:33:30+00:00,2025-10-07 13:45:00+00:00,2025-10-07 15:33:30+00:00,6510,6510.0
37748,0 SES 3,hanle,29.35,2025-10-07 13:45:00+00:00,2025-10-07 15:18:00+00:00,2025-10-07 13:45:00+00:00,2025-10-07 15:18:00+00:00,5580,5580.0
38551,0 ECHOSTAR 17,hanle,25.73,2025-10-07 13:45:00+00:00,2025-10-07 15:00:00+00:00,2025-10-07 13:45:00+00:00,2025-10-07 15:00:00+00:00,4500,4500.0
34111,0 TELSTAR 11N,hanle,51.89,2025-10-07 13:45:00+00:00,2025-10-07 19:38:00+00:00,2025-10-07 13:45:00+00:00,2025-10-07 19:38:00+00:00,21180,21180.0
24748,0 DIRECTV 6 (TEMPO 2),hanle,49.71,2025-10-07 13:45:00+00:00,2025-10-07 19:19:30+00:00,2025-10-07 13:45:00+00:00,2025-10-07 19:19:30+00:00,20070,20070.0
33596,0 EXPRESS MD1,hanle,61.9,2025-10-07 13:45:00+00:00,2025-10-07 18:23:00+00:00,2025-10-07 13:45:00+00:00,2025-10-07 18:23:00+00:00,16680,16680.0
29656,0 ETS 8,hanle,55.75,2025-10-07 13:45:00+00:00,2025-10-07 17:03:00+00:00,2025-10-07 13:45:00+00:00,2025-10-07 17:03:00+00:00,11880,11880.0
29643,0 WILDBLUE 1,hanle,23.08,2025-10-07 13:45:00+00:00,2025-10-07 14:48:00+00:00,2025-10-07 13:45:00+00:00,2025-10-07 14:48:00+00:00,3780,3780.0
29494,0 DIRECTV 9S,hanle,31.28,2025-10-07 13:45:00+00:00,2025-10-07 15:28:00+00:00,2025-10-07 13:45:00+00:00,2025-10-07 15:28:00+00:00,6180,6180.0
29236,0 GALAXY 16,hanle,32.21,2025-10-07 13:45:00+00:00,2025-10-07 15:32:30+00:00,2025-10-07 13:45:00+00:00,2025-10-07 15:32:30+00:00,6450,6450.0
26639,0 AMC-8 (GE-8),hanle,56.53,2025-10-07 13:45:00+00:00,2025-10-07 19:36:00+00:00,2025-10-07 13:45:00+00:00,2025-10-07 19:36:00+00:00,21060,21060.0
28937,0 HIMAWARI 7,hanle,57.49,2025-10-07 13:45:00+00:00,2025-10-07 18:53:00+00:00,2025-10-07 13:45:00+00:00,2025-10-07 18:53:00+00:00,18480,18480.0
28935,0 ECHOSTAR 10,hanle,23.27,2025-10-07 13:45:00+00:00,2025-10-07 14:48:00+00:00,2025-10-07 13:45:00+00:00,2025-10-07 14:48:00+00:00,3780,3780.0
28911,0 INSAT 4A,hanle,58.33,2025-10-07 13:45:00+00:00,2025-10-07 18:43:30+00:00,2025-10-07 13:45:00+00:00,2025-10-07 18:43:30+00:00,17910,17910.0
26853,0 ASTRA 2C,hanle,35.54,2025-10-07 13:45:00+00:00,2025-10-07 15:45:30+00:00,2025-10-07 13:45:00+00:00,2025-10-07 15:45:30+00:00,7230,7230.0
26880,0 USA 159,hanle,56.32,2025-10-07 13:45:00+00:00,2025-10-07 18:22:30+00:00,2025-10-07 13:45:00+00:00,2025-10-07 18:22:30+00:00,16650,16650.0
28903,0 SPACEWAY 2,hanle,48.11,2025-10-07 13:45:00+00:00,2025-10-07 16:50:00+00:00,2025-10-07 13:45:00+00:00,2025-10-07 16:50:00+00:00,11100,11100.0
26900,0 INTELSAT 902,hanle,57.89,2025-10-07 13:45:00+00:00,2025-10-07 18:49:30+00:00,2025-10-07 13:45:00+00:00,2025-10-07 18:49:30+00:00,18270,18270.0
28868,0 ANIK F1-R,hanle,27.03,2025-10-07 13:45:00+00:00,2025-10-07 15:07:30+00:00,2025-10-07 13:45:00+00:00,2025-10-07 15:07:30+00:00,4950,4950.0
30323,0 BEIDOU 1D,hanle,19.94,2025-10-07 13:45:00+00:00,2025-10-07 14:33:00+00:00,2025-10-07 13:45:00+00:00,2025-10-07 14:33:00+00:00,2880,2880.0
27426,0 DIRECTV 5 (TEMPO 1),hanle,24.81,2025-10-07 13:45:00+00:00,2025-10-07 14:57:00+00:00,2025-10-07 13:45:00+00:00,2025-10-07 14:57:00+00:00,4320,4320.0
27445,0 GALAXY 3C,hanle,37.16,2025-10-07 13:45:00+00:00,2025-10-07 15:57:30+00:00,2025-10-07 13:45:00+00:00,2025-10-07 15:57:30+00:00,7950,7950.0
28659,0 DIRECTV 8,hanle,15.85,2025-10-07 13:45:00+00:00,2025-10-07 14:12:30+00:00,2025-10-07 13:45:00+00:00,2025-10-07 14:12:30+00:00,1650,1650.0
28626,0 XM-3,hanle,41.43,2025-10-07 13:45:00+00:00,2025-10-07 16:23:00+00:00,2025-10-07 13:45:00+00:00,2025-10-07 16:23:00+00:00,9480,9480.0
28526,0 NSS 10 (AMC-12),hanle,56.83,2025-10-07 13:45:00+00:00,2025-10-07 19:32:30+00:00,2025-10-07 13:45:00+00:00,2025-10-07 19:32:30+00:00,20850,20850.0
27632,0 NIMIQ 2,hanle,28.46,2025-10-07 13:45:00+00:00,2025-10-07 15:13:30+00:00,2025-10-07 13:45:00+00:00,2025-10-07 15:13:30+00:00,5310,5310.0
27691,0 USA 167,hanle,17.96,2025-10-07 13:45:00+00:00,2025-10-07 14:23:30+00:00,2025-10-07 13:45:00+00:00,2025-10-07 14:23:30+00:00,2310,2310.0
28446,0 AMC-15,hanle,27.43,2025-10-07 13:45:00+00:00,2025-10-07 15:08:30+00:00,2025-10-07 13:45:00+00:00,2025-10-07 15:08:30+00:00,5010,5010.0
28378,0 ANIK F2,hanle,23.3,2025-10-07 13:45:00+00:00,2025-10-07 14:49:00+00:00,2025-10-07 13:45:00+00:00,2025-10-07 14:49:00+00:00,3840,3840.0
28252,0 AMC-11 (GE-11),hanle,22.5,2025-10-07 13:45:00+00:00,2025-10-07 14:44:00+00:00,2025-10-07 13:45:00+00:00,2025-10-07 14:44:00+00:00,3540,3540.0
27807,0 GSAT 2,hanle,56.94,2025-10-07 13:45:00+00:00,2025-10-07 19:06:00+00:00,2025-10-07 13:45:00+00:00,2025-10-07 19:06:00+00:00,19260,19260.0
27820,0 AMC-9 (GE-12),hanle,22.55,2025-10-07 13:45:00+00:00,2025-10-07 14:45:30+00:00,2025-10-07 13:45:00+00:00,2025-10-07 14:45:30+00:00,3630,3630.0
28218,0 SUPERBIRD 6,hanle,43.37,2025-10-07 13:45:00+00:00,2025-10-07 16:04:30+00:00,2025-10-07 13:45:00+00:00,2025-10-07 16:04:30+00:00,8370,8370.0
28158,0 USA 176,hanle,43.08,2025-10-07 13:45:00+00:00,2025-10-07 16:07:30+00:00,2025-10-07 13:45:00+00:00,2025-10-07 16:07:30+00:00,8550,8550.0
28702,0 GALAXY 28 (IA 8),hanle,41.59,2025-10-07 13:45:00+00:00,2025-10-07 16:21:00+00:00,2025-10-07 13:45:00+00:00,2025-10-07 16:21:00+00:00,9360,9360.0
39122,0 EUTE 117 WEST A(SATMEX 8,hanle,17.74,2025-10-07 13:45:00+00:00,2025-10-07 14:21:30+00:00,2025-10-07 13:45:00+00:00,2025-10-07 14:21:30+00:00,2190,2190.0
31102,0 ANIK F3,hanle,16.23,2025-10-07 13:45:00+00:00,2025-10-07 14:14:30+00:00,2025-10-07 13:45:00+00:00,2025-10-07 14:14:30+00:00,1770,1770.0
31862,0 DIRECTV 10,hanle,29.27,2025-10-07 13:45:00+00:00,2025-10-07 15:17:30+00:00,2025-10-07 13:45:00+00:00,2025-10-07 15:17:30+00:00,5550,5550.0
33463,0 FENGYUN 2E,hanle,13.85,2025-10-07 13:45:00+00:00,2025-10-07 14:03:30+00:00,2025-10-07 13:45:00+00:00,2025-10-07 14:03:30+00:00,1110,1110.0
24812,0 GALAXY 25 (TELSTAR 5),hanle,44.56,2025-10-07 13:45:00+00:00,2025-10-07 16:28:30+00:00,2025-10-07 13:45:00+00:00,2025-10-07 16:28:30+00:00,9810,9810.0
24916,0 INTELSAT 5 (PAS 5),hanle,59.54,2025-10-07 13:45:00+00:00,2025-10-07 18:52:00+00:00,2025-10-07 13:45:00+00:00,2025-10-07 18:52:00+00:00,18420,18420.0
24936,0 AMC-3 (GE-3),hanle,56.92,2025-10-07 13:45:00+00:00,2025-10-07 17:34:00+00:00,2025-10-07 13:45:00+00:00,2025-10-07 17:34:00+00:00,13740,13740.0
24957,0 NSS 5 (INTELSAT 803),hanle,20.45,2025-10-07 13:45:00+00:00,2025-10-07 14:35:00+00:00,2025-10-07 13:45:00+00:00,2025-10-07 14:35:00+00:00,3000,3000.0
25019,0 USA 134,hanle,29.12,2025-10-07 13:45:00+00:00,2025-10-07 15:11:30+00:00,2025-10-07 13:45:00+00:00,2025-10-07 15:11:30+00:00,5190,5190.0
33376,0 GALAXY 19,hanle,33.76,2025-10-07 13:45:00+00:00,2025-10-07 15:40:30+00:00,2025-10-07 13:45:00+00:00,2025-10-07 15:40:30+00:00,6930,6930.0
25049,0 SIRIUS 2 (GE-1E),hanle,58.68,2025-10-07 13:45:00+00:00,2025-10-07 17:15:00+00:00,2025-10-07 13:45:00+00:00,2025-10-07 17:15:00+00:00,12600,12600.0
25126,0 HGS 1 (ASIASAT 3),hanle,59.17,2025-10-07 13:45:00+00:00,2025-10-07 17:14:00+00:00,2025-10-07 13:45:00+00:00,2025-10-07 17:14:00+00:00,12540,12540.0
33373,0 NIMIQ 4,hanle,44.08,2025-10-07 13:45:00+00:00,2025-10-07 16:40:30+00:00,2025-10-07 13:45:00+00:00,2025-10-07 16:40:30+00:00,10530,10530.0
25153,0 INMARSAT 3-F5,hanle,61.2,2025-10-07 13:45:00+00:00,2025-10-07 18:30:00+00:00,2025-10-07 13:45:00+00:00,2025-10-07 18:30:00+00:00,17100,17100.0
33278,0 INMARSAT 4-F3,hanle,36.09,2025-10-07 13:45:00+00:00,2025-10-07 15:46:00+00:00,2025-10-07 13:45:00+00:00,2025-10-07 15:46:00+00:00,7260,7260.0
33275,0 AMC-21,hanle,11.25,2025-10-07 13:45:00+00:00,2025-10-07 13:51:00+00:00,2025-10-07 13:45:00+00:00,2025-10-07 13:51:00+00:00,360,360.0
31307,0 GALAXY 17,hanle,43.93,2025-10-07 13:45:00+00:00,2025-10-07 16:34:30+00:00,2025-10-07 13:45:00+00:00,2025-10-07 16:34:30+00:00,10170,10170.0
25312,0 BSAT-1B,hanle,60.46,2025-10-07 13:45:00+00:00,2025-10-07 18:41:00+00:00,2025-10-07 13:45:00+00:00,2025-10-07 18:41:00+00:00,17760,17760.0
25371,0 INTELSAT 805,hanle,47.55,2025-10-07 13:45:00+00:00,2025-10-07 16:42:30+00:00,2025-10-07 13:45:00+00:00,2025-10-07 16:42:30+00:00,10650,10650.0
25404,0 CHINASAT 5B (SINOSAT 1),hanle,60.37,2025-10-07 13:45:00+00:00,2025-10-07 18:39:30+00:00,2025-10-07 13:45:00+00:00,2025-10-07 18:39:30+00:00,17670,17670.0
32951,0 GALAXY 18,hanle,12.51,2025-10-07 13:45:00+00:00,2025-10-07 13:56:30+00:00,2025-10-07 13:45:00+00:00,2025-10-07 13:56:30+00:00,690,690.0
32768,0 STAR ONE C2,hanle,51.81,2025-10-07 13:45:00+00:00,2025-10-07 17:49:30+00:00,2025-10-07 13:45:00+00:00,2025-10-07 17:49:30+00:00,14670,14670.0
25638,0 ARABSAT 3A,hanle,58.89,2025-10-07 13:45:00+00:00,2025-10-07 18:34:00+00:00,2025-10-07 13:45:00+00:00,2025-10-07 18:34:00+00:00,17340,17340.0
32763,0 ICO G-1,hanle,41.27,2025-10-07 13:45:00+00:00,2025-10-07 16:09:00+00:00,2025-10-07 13:45:00+00:00,2025-10-07 16:09:00+00:00,8640,8640.0
32388,0 HORIZONS 2,hanle,50.16,2025-10-07 13:45:00+00:00,2025-10-07 17:18:00+00:00,2025-10-07 13:45:00+00:00,2025-10-07 17:18:00+00:00,12780,12780.0
26052,0 USA 148,hanle,60.26,2025-10-07 13:45:00+00:00,2025-10-07 18:20:30+00:00,2025-10-07 13:45:00+00:00,2025-10-07 18:20:30+00:00,16530,16530.0
26056,0 GALAXY 10R,hanle,49.7,2025-10-07 13:45:00+00:00,2025-10-07 16:34:30+00:00,2025-10-07 13:45:00+00:00,2025-10-07 16:34:30+00:00,10170,10170.0
32387,0 RASCOM 1,hanle,59.65,2025-10-07 13:45:00+00:00,2025-10-07 17:25:00+00:00,2025-10-07 13:45:00+00:00,2025-10-07 17:25:00+00:00,13200,13200.0
32258,0 WGS F1 (USA 195),hanle,52.02,2025-10-07 13:45:00+00:00,2025-10-07 19:18:00+00:00,2025-10-07 13:45:00+00:00,2025-10-07 19:18:00+00:00,19980,19980.0
32252,0 OPTUS D2,hanle,53.4,2025-10-07 13:45:00+00:00,2025-10-07 19:20:30+00:00,2025-10-07 13:45:00+00:00,2025-10-07 19:20:30+00:00,20130,20130.0
32018,0 SPACEWAY 3,hanle,43.46,2025-10-07 13:45:00+00:00,2025-10-07 16:28:30+00:00,2025-10-07 13:45:00+00:00,2025-10-07 16:28:30+00:00,9810,9810.0
33207,0 ECHOSTAR 11,hanle,23.49,2025-10-07 13:45:00+00:00,2025-10-07 14:49:00+00:00,2025-10-07 13:45:00+00:00,2025-10-07 14:49:00+00:00,3840,3840.0
28154,0 AMC-10 (GE-10),hanle,30.54,2025-10-07 13:45:00+00:00,2025-10-07 15:23:00+00:00,2025-10-07 13:45:00+00:00,2025-10-07 15:23:00+00:00,5880,5880.0
39127,0 ANIK G1,hanle,25.61,2025-10-07 13:45:00+00:00,2025-10-07 14:59:30+00:00,2025-10-07 13:45:00+00:00,2025-10-07 14:59:30+00:00,4470,4470.0
39172,0 SES 6,hanle,51.89,2025-10-07 13:45:00+00:00,2025-10-07 19:26:00+00:00,2025-10-07 13:45:00+00:00,2025-10-07 19:26:00+00:00,20460,20460.0
54742,0 GALAXY 36,hanle,39.58,2025-10-07 13:45:00+00:00,2025-10-07 16:12:30+00:00,2025-10-07 13:45:00+00:00,2025-10-07 16:12:30+00:00,8850,8850.0
54741,0 GALAXY 35,hanle,36.66,2025-10-07 13:45:00+00:00,2025-10-07 15:56:00+00:00,2025-10-07 13:45:00+00:00,2025-10-07 15:56:00+00:00,7860,7860.0
10787,0 OPS 8790,hanle,39.06,2025-10-07 13:45:00+00:00,2025-10-07 16:01:30+00:00,2025-10-07 13:45:00+00:00,2025-10-07 16:01:30+00:00,8190,8190.0
54244,0 GALAXY 32,hanle,38.2,2025-10-07 13:45:00+00:00,2025-10-07 16:04:30+00:00,2025-10-07 13:45:00+00:00,2025-10-07 16:04:30+00:00,8370,8370.0
54243,0 GALAXY 31,hanle,14.22,2025-10-07 13:45:00+00:00,2025-10-07 14:04:30+00:00,2025-10-07 13:45:00+00:00,2025-10-07 14:04:30+00:00,1170,1170.0
10953,0 GOES 3,hanle,43.7,2025-10-07 13:45:00+00:00,2025-10-07 16:38:30+00:00,2025-10-07 13:45:00+00:00,2025-10-07 16:38:30+00:00,10410,10410.0
10981,0 GEOS 2,hanle,42.06,2025-10-07 13:45:00+00:00,2025-10-07 16:31:00+00:00,2025-10-07 13:45:00+00:00,2025-10-07 16:31:00+00:00,9960,9960.0
53960,0 SES 20,hanle,29.02,2025-10-07 13:45:00+00:00,2025-10-07 15:16:30+00:00,2025-10-07 13:45:00+00:00,2025-10-07 15:16:30+00:00,5490,5490.0
11153,0 ANIK B1 (TELESAT-4),hanle,43.26,2025-10-07 13:45:00+00:00,2025-10-07 18:42:00+00:00,2025-10-07 13:45:00+00:00,2025-10-07 18:42:00+00:00,17820,17820.0
49817,0 STPSAT-6,hanle,22.02,2025-10-07 13:45:00+00:00,2025-10-07 14:42:00+00:00,2025-10-07 13:45:00+00:00,2025-10-07 14:42:00+00:00,3420,3420.0
49332,0 SES 17,hanle,50.7,2025-10-07 13:45:00+00:00,2025-10-07 17:40:00+00:00,2025-10-07 13:45:00+00:00,2025-10-07 17:40:00+00:00,14100,14100.0
49115,0 TJS-7,hanle,31.79,2025-10-07 13:45:00+00:00,2025-10-07 15:30:00+00:00,2025-10-07 13:45:00+00:00,2025-10-07 15:30:00+00:00,6300,6300.0
49055,0 STARONE D2,hanle,49.75,2025-10-07 13:45:00+00:00,2025-10-07 17:28:00+00:00,2025-10-07 13:45:00+00:00,2025-10-07 17:28:00+00:00,13380,13380.0
48838,0 XM-8,hanle,42.26,2025-10-07 13:45:00+00:00,2025-10-07 16:28:30+00:00,2025-10-07 13:45:00+00:00,2025-10-07 16:28:30+00:00,9810,9810.0
12003,0 RADUGA 7,hanle,26.41,2025-10-07 13:45:00+00:00,2025-10-07 14:57:30+00:00,2025-10-07 13:45:00+00:00,2025-10-07 14:57:30+00:00,4350,4350.0
12065,0 SBS 1,hanle,30.36,2025-10-07 13:45:00+00:00,2025-10-07 15:08:30+00:00,2025-10-07 13:45:00+00:00,2025-10-07 15:08:30+00:00,5010,5010.0
47240,0 XM-7,hanle,42.14,2025-10-07 13:45:00+00:00,2025-10-07 16:28:00+00:00,2025-10-07 13:45:00+00:00,2025-10-07 16:28:00+00:00,9780,9780.0
46114,0 GALAXY 30,hanle,10.8,2025-10-07 13:45:00+00:00,2025-10-07 13:48:30+00:00,2025-10-07 13:45:00+00:00,2025-10-07 13:48:30+00:00,210,210.0
12472,0 GOES 5,hanle,47.22,2025-10-07 13:45:00+00:00,2025-10-07 17:09:00+00:00,2025-10-07 13:45:00+00:00,2025-10-07 17:09:00+00:00,12240,12240.0
44333,0 AT&T T-16,hanle,30.8,2025-10-07 13:45:00+00:00,2025-10-07 15:25:00+00:00,2025-10-07 13:45:00+00:00,2025-10-07 15:25:00+00:00,6000,6000.0
43651,0 AEHF 4 (USA 288),hanle,50.82,2025-10-07 13:45:00+00:00,2025-10-07 17:33:00+00:00,2025-10-07 13:45:00+00:00,2025-10-07 17:33:00+00:00,13680,13680.0
12677,0 HIMAWARI 2 (GMS 2),hanle,30.12,2025-10-07 13:45:00+00:00,2025-10-07 15:10:30+00:00,2025-10-07 13:45:00+00:00,2025-10-07 15:10:30+00:00,5130,5130.0
43562,0 TELSTAR 19V,hanle,51.51,2025-10-07 13:45:00+00:00,2025-10-07 17:56:30+00:00,2025-10-07 13:45:00+00:00,2025-10-07 17:56:30+00:00,15090,15090.0
13069,0 WESTAR 4,hanle,20.96,2025-10-07 13:45:00+00:00,2025-10-07 14:30:30+00:00,2025-10-07 13:45:00+00:00,2025-10-07 14:30:30+00:00,2730,2730.0
13269,0 WESTAR 5,hanle,11.76,2025-10-07 13:45:00+00:00,2025-10-07 13:52:30+00:00,2025-10-07 13:45:00+00:00,2025-10-07 13:52:30+00:00,450,450.0
13431,0 ANIK D1 (TELESAT 6),hanle,12.62,2025-10-07 13:45:00+00:00,2025-10-07 13:56:00+00:00,2025-10-07 13:45:00+00:00,2025-10-07 13:56:00+00:00,660,660.0
43226,0 GOES 17,hanle,39.39,2025-10-07 13:45:00+00:00,2025-10-07 16:11:00+00:00,2025-10-07 13:45:00+00:00,2025-10-07 16:11:00+00:00,8760,8760.0
55246,0 LINUSS1,hanle,40.8,2025-10-07 13:45:00+00:00,2025-10-07 16:10:30+00:00,2025-10-07 13:45:00+00:00,2025-10-07 16:10:30+00:00,8730,8730.0
10143,0 HIMAWARI 1 (GMS 1),hanle,43.9,2025-10-07 13:45:00+00:00,2025-10-07 19:26:00+00:00,2025-10-07 13:45:00+00:00,2025-10-07 19:26:00+00:00,20460,20460.0
55247,0 LINUSS2,hanle,34.73,2025-10-07 13:45:00+00:00,2025-10-07 15:41:30+00:00,2025-10-07 13:45:00+00:00,2025-10-07 15:41:30+00:00,6990,6990.0
55508,0 AMAZONAS NEXUS,hanle,51.76,2025-10-07 13:45:00+00:00,2025-10-07 18:04:00+00:00,2025-10-07 13:45:00+00:00,2025-10-07 18:04:00+00:00,15540,15540.0
1317,0 INTELSAT 1-F1,hanle,59.06,2025-10-07 13:45:00+00:00,2025-10-07 18:32:30+00:00,2025-10-07 13:45:00+00:00,2025-10-07 18:32:30+00:00,17250,17250.0
64290,0 SIRIUS XM-10,hanle,18.33,2025-10-07 13:45:00+00:00,2025-10-07 14:24:00+00:00,2025-10-07 13:45:00+00:00,2025-10-07 14:24:00+00:00,2340,2340.0
3029,0 ATS 3,hanle,28.27,2025-10-07 13:45:00+00:00,2025-10-07 15:13:30+00:00,2025-10-07 13:45:00+00:00,2025-10-07 15:13:30+00:00,5310,5310.0
62457,0 NUVIEW BRAVO,hanle,43.39,2025-10-07 13:45:00+00:00,2025-10-07 16:36:00+00:00,2025-10-07 13:45:00+00:00,2025-10-07 16:36:00+00:00,10260,10260.0
4250,0 SKYNET 1,hanle,27.83,2025-10-07 13:45:00+00:00,2025-10-07 15:10:00+00:00,2025-10-07 13:45:00+00:00,2025-10-07 15:10:00+00:00,5100,5100.0
62455,0 NUVIEW ALPHA,hanle,43.49,2025-10-07 13:45:00+00:00,2025-10-07 16:36:00+00:00,2025-10-07 13:45:00+00:00,2025-10-07 16:36:00+00:00,10260,10260.0
4353,0 NATO 2A,hanle,23.19,2025-10-07 13:45:00+00:00,2025-10-07 14:47:00+00:00,2025-10-07 13:45:00+00:00,2025-10-07 14:47:00+00:00,3720,3720.0
4902,0 NATO 2B,hanle,26.33,2025-10-07 13:45:00+00:00,2025-10-07 15:02:30+00:00,2025-10-07 13:45:00+00:00,2025-10-07 15:02:30+00:00,4650,4650.0
5587,0 OPS 9431 (DSCS 2-1),hanle,27.91,2025-10-07 13:45:00+00:00,2025-10-07 15:10:00+00:00,2025-10-07 13:45:00+00:00,2025-10-07 15:10:00+00:00,5100,5100.0
62259,0 SIRIUS XM-9,hanle,42.17,2025-10-07 13:45:00+00:00,2025-10-07 16:27:30+00:00,2025-10-07 13:45:00+00:00,2025-10-07 16:27:30+00:00,9750,9750.0
5851,0 OPS 1570,hanle,33.2,2025-10-07 13:45:00+00:00,2025-10-07 15:37:00+00:00,2025-10-07 13:45:00+00:00,2025-10-07 15:37:00+00:00,6720,6720.0
61503,0 HG-03,hanle,46.8,2025-10-07 13:45:00+00:00,2025-10-07 17:00:00+00:00,2025-10-07 13:45:00+00:00,2025-10-07 17:00:00+00:00,11700,11700.0
60133,0 GOES 19,hanle,47.75,2025-10-07 13:45:00+00:00,2025-10-07 17:07:30+00:00,2025-10-07 13:45:00+00:00,2025-10-07 17:07:30+00:00,12150,12150.0
13631,0 SATCOM C5,hanle,32.3,2025-10-07 13:45:00+00:00,2025-10-07 15:14:30+00:00,2025-10-07 13:45:00+00:00,2025-10-07 15:14:30+00:00,5370,5370.0
7229,0 COSMOS 637,hanle,38.27,2025-10-07 13:45:00+00:00,2025-10-07 16:06:00+00:00,2025-10-07 13:45:00+00:00,2025-10-07 16:06:00+00:00,8460,8460.0
7544,0 INTELSAT 4-F8,hanle,42.99,2025-10-07 13:45:00+00:00,2025-10-07 19:01:00+00:00,2025-10-07 13:45:00+00:00,2025-10-07 19:01:00+00:00,18960,18960.0
8330,0 INTELSAT 4A-F1,hanle,44.23,2025-10-07 13:45:00+00:00,2025-10-07 16:40:30+00:00,2025-10-07 13:45:00+00:00,2025-10-07 16:40:30+00:00,10530,10530.0
57479,0 JUPITER 3 (ECHOSTAR 24),hanle,35.07,2025-10-07 13:45:00+00:00,2025-10-07 15:47:30+00:00,2025-10-07 13:45:00+00:00,2025-10-07 15:47:30+00:00,7350,7350.0
8366,0 GOES 1 (SMS-C),hanle,31.24,2025-10-07 13:45:00+00:00,2025-10-07 15:24:30+00:00,2025-10-07 13:45:00+00:00,2025-10-07 15:24:30+00:00,5970,5970.0
8482,0 OPS 3165,hanle,28.16,2025-10-07 13:45:00+00:00,2025-10-07 15:11:00+00:00,2025-10-07 13:45:00+00:00,2025-10-07 15:11:00+00:00,5160,5160.0
56370,0 VIASAT 3-F1,hanle,39.63,2025-10-07 13:45:00+00:00,2025-10-07 16:12:30+00:00,2025-10-07 13:45:00+00:00,2025-10-07 16:12:30+00:00,8850,8850.0
8585,0 CTS,hanle,45.95,2025-10-07 13:45:00+00:00,2025-10-07 17:22:00+00:00,2025-10-07 13:45:00+00:00,2025-10-07 17:22:00+00:00,13020,13020.0
8697,0 MARISAT 1,hanle,34.09,2025-10-07 13:45:00+00:00,2025-10-07 15:34:30+00:00,2025-10-07 13:45:00+00:00,2025-10-07 15:34:30+00:00,6570,6570.0
8746,0 LES 8,hanle,41.6,2025-10-07 13:45:00+00:00,2025-10-07 16:12:00+00:00,2025-10-07 13:45:00+00:00,2025-10-07 16:12:00+00:00,8820,8820.0
8747,0 LES 9,hanle,38.76,2025-10-07 13:45:00+00:00,2025-10-07 16:01:30+00:00,2025-10-07 13:45:00+00:00,2025-10-07 16:01:30+00:00,8190,8190.0
56174,0 INTELSAT 40E,hanle,38.18,2025-10-07 13:45:00+00:00,2025-10-07 16:04:30+00:00,2025-10-07 13:45:00+00:00,2025-10-07 16:04:30+00:00,8370,8370.0
9047,0 COMSTAR 2,hanle,15.26,2025-10-07 13:45:00+00:00,2025-10-07 14:07:00+00:00,2025-10-07 13:45:00+00:00,2025-10-07 14:07:00+00:00,1320,1320.0
55970,0 SES 18,hanle,28.99,2025-10-07 13:45:00+00:00,2025-10-07 15:16:00+00:00,2025-10-07 13:45:00+00:00,2025-10-07 15:16:00+00:00,5460,5460.0
7250,0 WESTAR 1,hanle,43.26,2025-10-07 13:45:00+00:00,2025-10-07 19:40:30+00:00,2025-10-07 13:45:00+00:00,2025-10-07 19:40:30+00:00,21330,21330.0
13652,0 ANIK C3 (TELESAT-5),hanle,50.56,2025-10-07 13:45:00+00:00,2025-10-07 17:21:30+00:00,2025-10-07 13:45:00+00:00,2025-10-07 17:21:30+00:00,12990,12990.0
43175,0 SES 14,hanle,51.88,2025-10-07 13:45:00+00:00,2025-10-07 18:58:00+00:00,2025-10-07 13:45:00+00:00,2025-10-07 18:58:00+00:00,18780,18780.0
13984,0 SATCOM 1R,hanle,39.3,2025-10-07 13:45:00+00:00,2025-10-07 19:34:30+00:00,2025-10-07 13:45:00+00:00,2025-10-07 19:34:30+00:00,20970,20970.0
41103,0 CHINASAT 1C,hanle,58.09,2025-10-07 13:45:00+00:00,2025-10-07 17:52:00+00:00,2025-10-07 13:45:00+00:00,2025-10-07 17:52:00+00:00,14820,14820.0
40946,0 MORELOS 3,hanle,22.74,2025-10-07 13:45:00+00:00,2025-10-07 14:43:30+00:00,2025-10-07 13:45:00+00:00,2025-10-07 14:43:30+00:00,3510,3510.0
40941,0 ARSAT 2,hanle,44.66,2025-10-07 13:45:00+00:00,2025-10-07 16:44:30+00:00,2025-10-07 13:45:00+00:00,2025-10-07 16:44:30+00:00,10770,10770.0
19483,0 GSTAR 3,hanle,30.75,2025-10-07 13:45:00+00:00,2025-10-07 15:09:00+00:00,2025-10-07 13:45:00+00:00,2025-10-07 15:09:00+00:00,5040,5040.0
19484,0 SBS 5,hanle,52.94,2025-10-07 13:45:00+00:00,2025-10-07 16:35:00+00:00,2025-10-07 13:45:00+00:00,2025-10-07 16:35:00+00:00,10200,10200.0
40874,0 INTELSAT 34,hanle,51.84,2025-10-07 13:45:00+00:00,2025-10-07 18:26:00+00:00,2025-10-07 13:45:00+00:00,2025-10-07 18:26:00+00:00,16860,16860.0
19548,0 TDRS 3,hanle,48.1,2025-10-07 13:45:00+00:00,2025-10-07 18:10:00+00:00,2025-10-07 13:45:00+00:00,2025-10-07 18:10:00+00:00,15900,15900.0
40733,0 STARONE C4,hanle,49.83,2025-10-07 13:45:00+00:00,2025-10-07 17:28:00+00:00,2025-10-07 13:45:00+00:00,2025-10-07 17:28:00+00:00,13380,13380.0
19621,0 TDF 1,hanle,52.44,2025-10-07 13:45:00+00:00,2025-10-07 16:34:00+00:00,2025-10-07 13:45:00+00:00,2025-10-07 16:34:00+00:00,10140,10140.0
40664,0 SKY MEXICO-1,hanle,45.88,2025-10-07 13:45:00+00:00,2025-10-07 16:53:00+00:00,2025-10-07 13:45:00+00:00,2025-10-07 16:53:00+00:00,11280,11280.0
19765,0 GORIZONT 17,hanle,30.87,2025-10-07 13:45:00+00:00,2025-10-07 15:08:30+00:00,2025-10-07 13:45:00+00:00,2025-10-07 15:08:30+00:00,5010,5010.0
40663,0 DIRECTV 15,hanle,29.26,2025-10-07 13:45:00+00:00,2025-10-07 15:17:30+00:00,2025-10-07 13:45:00+00:00,2025-10-07 15:17:30+00:00,5550,5550.0
40425,0 EUTE 115 WEST B(SATMEX 7,hanle,19.36,2025-10-07 13:45:00+00:00,2025-10-07 14:29:00+00:00,2025-10-07 13:45:00+00:00,2025-10-07 14:29:00+00:00,2640,2640.0
41382,0 EUTE 65W,hanle,51.2,2025-10-07 13:45:00+00:00,2025-10-07 17:47:30+00:00,2025-10-07 13:45:00+00:00,2025-10-07 17:47:30+00:00,14550,14550.0
20040,0 SUPERBIRD A,hanle,46.68,2025-10-07 13:45:00+00:00,2025-10-07 18:06:30+00:00,2025-10-07 13:45:00+00:00,2025-10-07 18:06:30+00:00,15690,15690.0
40384,0 INMARSAT 5-F2,hanle,51.87,2025-10-07 13:45:00+00:00,2025-10-07 18:28:00+00:00,2025-10-07 13:45:00+00:00,2025-10-07 18:28:00+00:00,16980,16980.0
20203,0 USA 44,hanle,51.51,2025-10-07 13:45:00+00:00,2025-10-07 18:23:30+00:00,2025-10-07 13:45:00+00:00,2025-10-07 18:23:30+00:00,16710,16710.0
40333,0 DIRECTV 14,hanle,32.02,2025-10-07 13:45:00+00:00,2025-10-07 15:31:30+00:00,2025-10-07 13:45:00+00:00,2025-10-07 15:31:30+00:00,6390,6390.0
40272,0 ARSAT 1,hanle,49.14,2025-10-07 13:45:00+00:00,2025-10-07 17:21:00+00:00,2025-10-07 13:45:00+00:00,2025-10-07 17:21:00+00:00,12960,12960.0
40271,0 INTELSAT 30,hanle,35.23,2025-10-07 13:45:00+00:00,2025-10-07 15:48:00+00:00,2025-10-07 13:45:00+00:00,2025-10-07 15:48:00+00:00,7380,7380.0
20499,0 RADUGA 25,hanle,39.87,2025-10-07 13:45:00+00:00,2025-10-07 19:33:00+00:00,2025-10-07 13:45:00+00:00,2025-10-07 19:33:00+00:00,20880,20880.0
20523,0 INTELSAT 603,hanle,45.36,2025-10-07 13:45:00+00:00,2025-10-07 16:08:00+00:00,2025-10-07 13:45:00+00:00,2025-10-07 16:08:00+00:00,8580,8580.0
39616,0 AMAZONAS 4A,hanle,48.2,2025-10-07 13:45:00+00:00,2025-10-07 17:12:30+00:00,2025-10-07 13:45:00+00:00,2025-10-07 17:12:30+00:00,12450,12450.0
39504,0 TDRS 12,hanle,51.61,2025-10-07 13:45:00+00:00,2025-10-07 19:14:30+00:00,2025-10-07 13:45:00+00:00,2025-10-07 19:14:30+00:00,19770,19770.0
39481,0 TKSAT 1,hanle,40.82,2025-10-07 13:45:00+00:00,2025-10-07 16:19:30+00:00,2025-10-07 13:45:00+00:00,2025-10-07 16:19:30+00:00,9270,9270.0
20762,0 THOR 1 (MARCOPOLO 2),hanle,32.79,2025-10-07 13:45:00+00:00,2025-10-07 15:21:30+00:00,2025-10-07 13:45:00+00:00,2025-10-07 15:21:30+00:00,5790,5790.0
39360,0 SIRIUS FM-6,hanle,18.33,2025-10-07 13:45:00+00:00,2025-10-07 14:24:30+00:00,2025-10-07 13:45:00+00:00,2025-10-07 14:24:30+00:00,2370,2370.0
39256,0 AEHF 3 (USA 246),hanle,12.36,2025-10-07 13:45:00+00:00,2025-10-07 13:56:00+00:00,2025-10-07 13:45:00+00:00,2025-10-07 13:56:00+00:00,660,660.0
20168,0 TVSAT 2,hanle,18.87,2025-10-07 13:45:00+00:00,2025-10-07 14:24:30+00:00,2025-10-07 13:45:00+00:00,2025-10-07 14:24:30+00:00,2370,2370.0
39168,0 WGS 5 (USA 243),hanle,51.87,2025-10-07 13:45:00+00:00,2025-10-07 18:38:00+00:00,2025-10-07 13:45:00+00:00,2025-10-07 18:38:00+00:00,17580,17580.0
41581,0 INTELSAT 31,hanle,35.22,2025-10-07 13:45:00+00:00,2025-10-07 15:48:00+00:00,2025-10-07 13:45:00+00:00,2025-10-07 15:48:00+00:00,7380,7380.0
41589,0 EUTE 117W B,hanle,17.61,2025-10-07 13:45:00+00:00,2025-10-07 14:21:00+00:00,2025-10-07 13:45:00+00:00,2025-10-07 14:21:00+00:00,2160,2160.0
14050,0 GOES 6,hanle,44.03,2025-10-07 13:45:00+00:00,2025-10-07 16:16:30+00:00,2025-10-07 13:45:00+00:00,2025-10-07 16:16:30+00:00,9090,9090.0
43087,0 ANGOSAT 1,hanle,58.14,2025-10-07 13:45:00+00:00,2025-10-07 17:47:30+00:00,2025-10-07 13:45:00+00:00,2025-10-07 17:47:30+00:00,14550,14550.0
14234,0 ARABSAT 1DR (TELSTAR 3A),hanle,51.63,2025-10-07 13:45:00+00:00,2025-10-07 16:41:30+00:00,2025-10-07 13:45:00+00:00,2025-10-07 16:41:30+00:00,10590,10590.0
42967,0 ECHOSTAR 105/SES 11,hanle,27.51,2025-10-07 13:45:00+00:00,2025-10-07 15:08:30+00:00,2025-10-07 13:45:00+00:00,2025-10-07 15:08:30+00:00,5010,5010.0
14328,0 SATCOM 2R,hanle,26.88,2025-10-07 13:45:00+00:00,2025-10-07 14:54:30+00:00,2025-10-07 13:45:00+00:00,2025-10-07 14:54:30+00:00,4170,4170.0
14365,0 GALAXY 2,hanle,50.87,2025-10-07 13:45:00+00:00,2025-10-07 16:36:00+00:00,2025-10-07 13:45:00+00:00,2025-10-07 16:36:00+00:00,10260,10260.0
14659,0 YURI 2A (BS-2A),hanle,32.38,2025-10-07 13:45:00+00:00,2025-10-07 15:15:00+00:00,2025-10-07 13:45:00+00:00,2025-10-07 15:15:00+00:00,5400,5400.0
42934,0 AMAZONAS 5,hanle,51.73,2025-10-07 13:45:00+00:00,2025-10-07 18:04:00+00:00,2025-10-07 13:45:00+00:00,2025-10-07 18:04:00+00:00,15540,15540.0
42740,0 VIASAT 2,hanle,49.82,2025-10-07 13:45:00+00:00,2025-10-07 17:28:30+00:00,2025-10-07 13:45:00+00:00,2025-10-07 17:28:30+00:00,13410,13410.0
42692,0 SGDC,hanle,47.9,2025-10-07 13:45:00+00:00,2025-10-07 17:09:00+00:00,2025-10-07 13:45:00+00:00,2025-10-07 17:09:00+00:00,12240,12240.0
42432,0 SES 10,hanle,50.76,2025-10-07 13:45:00+00:00,2025-10-07 17:40:30+00:00,2025-10-07 13:45:00+00:00,2025-10-07 17:40:30+00:00,14130,14130.0
42070,0 ECHOSTAR 23,hanle,23.47,2025-10-07 13:45:00+00:00,2025-10-07 14:49:00+00:00,2025-10-07 13:45:00+00:00,2025-10-07 14:49:00+00:00,3840,3840.0
15144,0 GORIZONT 10,hanle,37.57,2025-10-07 13:45:00+00:00,2025-10-07 15:44:30+00:00,2025-10-07 13:45:00+00:00,2025-10-07 15:44:30+00:00,7170,7170.0
17706,0 AGILA 1 (PALAPA B2P),hanle,46.83,2025-10-07 13:45:00+00:00,2025-10-07 18:26:00+00:00,2025-10-07 13:45:00+00:00,2025-10-07 18:26:00+00:00,16860,16860.0
15152,0 HIMAWARI 3 (GMS 3),hanle,28.35,2025-10-07 13:45:00+00:00,2025-10-07 14:59:30+00:00,2025-10-07 13:45:00+00:00,2025-10-07 14:59:30+00:00,4470,4470.0
41942,0 HISPASAT 36W-1,hanle,51.89,2025-10-07 13:45:00+00:00,2025-10-07 19:44:00+00:00,2025-10-07 13:45:00+00:00,2025-10-07 19:44:00+00:00,21540,21540.0
15385,0 SPACENET 2,hanle,49.51,2025-10-07 13:45:00+00:00,2025-10-07 18:13:00+00:00,2025-10-07 13:45:00+00:00,2025-10-07 18:13:00+00:00,16080,16080.0
41904,0 STARONE D1,hanle,42.9,2025-10-07 13:45:00+00:00,2025-10-07 16:32:30+00:00,2025-10-07 13:45:00+00:00,2025-10-07 16:32:30+00:00,10050,10050.0
41893,0 ECHOSTAR 19,hanle,33.69,2025-10-07 13:45:00+00:00,2025-10-07 15:40:00+00:00,2025-10-07 13:45:00+00:00,2025-10-07 15:40:00+00:00,6900,6900.0
15677,0 GSTAR 1,hanle,35.78,2025-10-07 13:45:00+00:00,2025-10-07 15:28:00+00:00,2025-10-07 13:45:00+00:00,2025-10-07 15:28:00+00:00,6180,6180.0
15873,0 INTELSAT 511,hanle,52.01,2025-10-07 13:45:00+00:00,2025-10-07 17:06:30+00:00,2025-10-07 13:45:00+00:00,2025-10-07 17:06:30+00:00,12090,12090.0
15993,0 OPTUS A1 (AUSSAT 1),hanle,23.54,2025-10-07 13:45:00+00:00,2025-10-07 14:41:00+00:00,2025-10-07 13:45:00+00:00,2025-10-07 14:41:00+00:00,3360,3360.0
15994,0 ASC 1,hanle,16.17,2025-10-07 13:45:00+00:00,2025-10-07 14:12:00+00:00,2025-10-07 13:45:00+00:00,2025-10-07 14:12:00+00:00,1620,1620.0
16116,0 USA 11,hanle,47.12,2025-10-07 13:45:00+00:00,2025-10-07 16:10:00+00:00,2025-10-07 13:45:00+00:00,2025-10-07 16:10:00+00:00,8700,8700.0
41866,0 GOES 16,hanle,27.76,2025-10-07 13:45:00+00:00,2025-10-07 15:10:00+00:00,2025-10-07 13:45:00+00:00,2025-10-07 15:10:00+00:00,5100,5100.0
16482,0 SATCOM K1,hanle,24.91,2025-10-07 13:45:00+00:00,2025-10-07 14:48:00+00:00,2025-10-07 13:45:00+00:00,2025-10-07 14:48:00+00:00,3780,3780.0
41592,0 ECHOSTAR 18,hanle,51.7,2025-10-07 13:45:00+00:00,2025-10-07 18:03:00+00:00,2025-10-07 13:45:00+00:00,2025-10-07 18:03:00+00:00,15480,15480.0
16649,0 GSTAR 2,hanle,31.87,2025-10-07 13:45:00+00:00,2025-10-07 15:13:00+00:00,2025-10-07 13:45:00+00:00,2025-10-07 15:13:00+00:00,5280,5280.0
41945,0 INTELSAT 32E,hanle,51.9,2025-10-07 13:45:00+00:00,2025-10-07 19:15:30+00:00,2025-10-07 13:45:00+00:00,2025-10-07 19:15:30+00:00,19830,19830.0
28132,0 AMOS 2,hanle,52.69,2025-10-07 13:45:00+00:00,2025-10-07 17:05:30+00:00,2025-10-07 13:45:00+00:00,2025-10-07 17:05:30+00:00,12030,12030.0
634,0 SYNCOM 2 (A 26),hanle,71.2,2025-10-07 17:24:30+00:00,2025-10-07 23:24:30+00:00,2025-10-07 17:24:30+00:00,2025-10-07 23:24:30+00:00,21600,21600.0
20193,0 SIRIUS W (MARCOPOLO 1),hanle,62.31,2025-10-07 17:25:30+00:00,2025-10-07 23:24:30+00:00,2025-10-07 17:25:30+00:00,2025-10-07 23:24:30+00:00,21540,21540.0
17561,0 GOES 7,hanle,66.28,2025-10-07 17:25:30+00:00,2025-10-07 23:24:30+00:00,2025-10-07 17:25:30+00:00,2025-10-07 23:24:30+00:00,21540,21540.0
28094,0 YAMAL 201,hanle,48.74,2025-10-07 17:26:00+00:00,2025-10-07 23:24:30+00:00,2025-10-07 17:26:00+00:00,2025-10-07 23:24:30+00:00,21510,21510.0
39237,0 AMOS 4,hanle,51.87,2025-10-07 17:26:30+00:00,2025-10-07 23:24:30+00:00,2025-10-07 17:26:30+00:00,2025-10-07 23:24:30+00:00,21480,21480.0
28184,0 ABS 4 (MBSAT),hanle,48.79,2025-10-07 17:26:30+00:00,2025-10-07 23:24:30+00:00,2025-10-07 17:26:30+00:00,2025-10-07 23:24:30+00:00,21480,21480.0
14783,0 COSMOS 1540,hanle,62.22,2025-10-07 17:27:30+00:00,2025-10-07 23:24:30+00:00,2025-10-07 17:27:30+00:00,2025-10-07 23:24:30+00:00,21420,21420.0
22210,0 EKRAN 20,hanle,66.22,2025-10-07 17:27:30+00:00,2025-10-07 23:24:30+00:00,2025-10-07 17:27:30+00:00,2025-10-07 23:24:30+00:00,21420,21420.0
19772,0 INTELSAT 515,hanle,64.62,2025-10-07 17:27:30+00:00,2025-10-07 23:24:30+00:00,2025-10-07 17:27:30+00:00,2025-10-07 23:24:30+00:00,21420,21420.0
26590,0 INTELSAT 12 (PAS 12),hanle,48.15,2025-10-07 17:28:30+00:00,2025-10-07 23:24:30+00:00,2025-10-07 17:28:30+00:00,2025-10-07 23:24:30+00:00,21360,21360.0
23765,0 AFRICASAT 1 (MEASAT 1),hanle,53.6,2025-10-07 17:29:30+00:00,2025-10-07 23:24:30+00:00,2025-10-07 17:29:30+00:00,2025-10-07 23:24:30+00:00,21300,21300.0
37238,0 INTELSAT 17,hanle,51.87,2025-10-07 17:31:00+00:00,2025-10-07 23:24:30+00:00,2025-10-07 17:31:00+00:00,2025-10-07 23:24:30+00:00,21210,21210.0
40258,0 LUCH (OLYMP),hanle,51.09,2025-10-07 17:32:30+00:00,2025-10-07 23:24:30+00:00,2025-10-07 17:32:30+00:00,2025-10-07 23:24:30+00:00,21120,21120.0
41911,0 TJS-2,hanle,51.75,2025-10-07 17:33:00+00:00,2025-10-07 23:24:30+00:00,2025-10-07 17:33:00+00:00,2025-10-07 23:24:30+00:00,21090,21090.0
20777,0 EUTE 2-F1,hanle,64.54,2025-10-07 17:34:30+00:00,2025-10-07 23:24:30+00:00,2025-10-07 17:34:30+00:00,2025-10-07 23:24:30+00:00,21000,21000.0
26695,0 SKYNET 4F,hanle,57.43,2025-10-07 17:35:00+00:00,2025-10-07 23:24:30+00:00,2025-10-07 17:35:00+00:00,2025-10-07 23:24:30+00:00,20970,20970.0
15237,0 TELSTAR 302,hanle,67.17,2025-10-07 17:36:30+00:00,2025-10-07 23:24:30+00:00,2025-10-07 17:36:30+00:00,2025-10-07 23:24:30+00:00,20880,20880.0
56372,0 GS-1,hanle,50.75,2025-10-07 17:38:00+00:00,2025-10-07 23:24:30+00:00,2025-10-07 17:38:00+00:00,2025-10-07 23:24:30+00:00,20790,20790.0
27513,0 INTELSAT 906,hanle,49.4,2025-10-07 17:38:30+00:00,2025-10-07 23:24:30+00:00,2025-10-07 17:38:30+00:00,2025-10-07 23:24:30+00:00,20760,20760.0
62028,0 GSAT 20,hanle,51.84,2025-10-07 17:39:00+00:00,2025-10-07 23:24:30+00:00,2025-10-07 17:39:00+00:00,2025-10-07 23:24:30+00:00,20730,20730.0
23327,0 ELEKTRO (GOMS),hanle,67.22,2025-10-07 17:40:30+00:00,2025-10-07 23:24:30+00:00,2025-10-07 17:40:30+00:00,2025-10-07 23:24:30+00:00,20640,20640.0
41747,0 INTELSAT 36,hanle,51.87,2025-10-07 17:40:30+00:00,2025-10-07 23:24:30+00:00,2025-10-07 17:40:30+00:00,2025-10-07 23:24:30+00:00,20640,20640.0
38740,0 INTELSAT 20,hanle,51.86,2025-10-07 17:40:30+00:00,2025-10-07 23:24:30+00:00,2025-10-07 17:40:30+00:00,2025-10-07 23:24:30+00:00,20640,20640.0
26766,0 INTELSAT 10 (PAS 10),hanle,49.63,2025-10-07 17:42:30+00:00,2025-10-07 23:24:30+00:00,2025-10-07 17:42:30+00:00,2025-10-07 23:24:30+00:00,20520,20520.0
23842,0 ASTRA 1F,hanle,49.71,2025-10-07 17:44:00+00:00,2025-10-07 23:24:30+00:00,2025-10-07 17:44:00+00:00,2025-10-07 23:24:30+00:00,20430,20430.0
43867,0 COSMOS 2533,hanle,51.85,2025-10-07 17:47:00+00:00,2025-10-07 23:24:30+00:00,2025-10-07 17:47:00+00:00,2025-10-07 23:24:30+00:00,20250,20250.0
39020,0 EUTE 70B,hanle,51.93,2025-10-07 17:48:30+00:00,2025-10-07 23:24:30+00:00,2025-10-07 17:48:30+00:00,2025-10-07 23:24:30+00:00,20160,20160.0
10294,0 SIRIO,hanle,58.67,2025-10-07 17:50:00+00:00,2025-10-07 23:24:30+00:00,2025-10-07 17:50:00+00:00,2025-10-07 23:24:30+00:00,20070,20070.0
9416,0 RADUGA 2,hanle,53.96,2025-10-07 17:50:00+00:00,2025-10-07 23:24:30+00:00,2025-10-07 17:50:00+00:00,2025-10-07 23:24:30+00:00,20070,20070.0
10855,0 OTS 2,hanle,59.92,2025-10-07 17:51:00+00:00,2025-10-07 23:24:30+00:00,2025-10-07 17:51:00+00:00,2025-10-07 23:24:30+00:00,20010,20010.0
19344,0 COSMOS 1961,hanle,65.17,2025-10-07 17:52:00+00:00,2025-10-07 23:24:30+00:00,2025-10-07 17:52:00+00:00,2025-10-07 23:24:30+00:00,19950,19950.0
25315,0 COSMOS 2350,hanle,64.83,2025-10-07 17:53:00+00:00,2025-10-07 23:24:30+00:00,2025-10-07 17:53:00+00:00,2025-10-07 23:24:30+00:00,19890,19890.0
20946,0 GSTAR 4,hanle,63.48,2025-10-07 17:55:00+00:00,2025-10-07 23:24:30+00:00,2025-10-07 17:55:00+00:00,2025-10-07 23:24:30+00:00,19770,19770.0
38098,0 INTELSAT 22,hanle,51.86,2025-10-07 17:55:00+00:00,2025-10-07 23:24:30+00:00,2025-10-07 17:55:00+00:00,2025-10-07 23:24:30+00:00,19770,19770.0
20643,0 INSAT 1D,hanle,67.76,2025-10-07 17:56:00+00:00,2025-10-07 23:24:30+00:00,2025-10-07 17:56:00+00:00,2025-10-07 23:24:30+00:00,19710,19710.0
21111,0 COSMOS 2133,hanle,67.28,2025-10-07 17:56:00+00:00,2025-10-07 23:24:30+00:00,2025-10-07 17:56:00+00:00,2025-10-07 23:24:30+00:00,19710,19710.0
22836,0 RADUGA 30,hanle,67.98,2025-10-07 17:57:30+00:00,2025-10-07 23:24:30+00:00,2025-10-07 17:57:30+00:00,2025-10-07 23:24:30+00:00,19620,19620.0
23448,0 RADUGA 32,hanle,68.01,2025-10-07 17:58:30+00:00,2025-10-07 23:24:30+00:00,2025-10-07 17:58:30+00:00,2025-10-07 23:24:30+00:00,19560,19560.0
12309,0 ESIAFI 1 (COMSTAR 4),hanle,60.64,2025-10-07 17:58:30+00:00,2025-10-07 23:24:30+00:00,2025-10-07 17:58:30+00:00,2025-10-07 23:24:30+00:00,19560,19560.0
15308,0 GALAXY 3,hanle,68.24,2025-10-07 18:00:00+00:00,2025-10-07 23:24:30+00:00,2025-10-07 18:00:00+00:00,2025-10-07 23:24:30+00:00,19470,19470.0
6380,0 OPS 6063,hanle,52.08,2025-10-07 18:00:00+00:00,2025-10-07 23:24:30+00:00,2025-10-07 18:00:00+00:00,2025-10-07 23:24:30+00:00,19470,19470.0
25045,0 KUPON,hanle,67.97,2025-10-07 18:01:00+00:00,2025-10-07 23:24:30+00:00,2025-10-07 18:01:00+00:00,2025-10-07 23:24:30+00:00,19410,19410.0
41793,0 GSAT 18,hanle,51.84,2025-10-07 18:02:30+00:00,2025-10-07 23:24:30+00:00,2025-10-07 18:02:30+00:00,2025-10-07 23:24:30+00:00,19320,19320.0
43824,0 GSAT 11,hanle,51.86,2025-10-07 18:02:30+00:00,2025-10-07 23:24:30+00:00,2025-10-07 18:02:30+00:00,2025-10-07 23:24:30+00:00,19320,19320.0
39498,0 GSAT 14,hanle,51.86,2025-10-07 18:03:00+00:00,2025-10-07 23:24:30+00:00,2025-10-07 18:03:00+00:00,2025-10-07 23:24:30+00:00,19290,19290.0
39234,0 GSAT 7,hanle,51.84,2025-10-07 18:03:00+00:00,2025-10-07 23:24:30+00:00,2025-10-07 18:03:00+00:00,2025-10-07 23:24:30+00:00,19290,19290.0
12120,0 EKRAN 6,hanle,56.45,2025-10-07 18:03:00+00:00,2025-10-07 23:24:30+00:00,2025-10-07 18:03:00+00:00,2025-10-07 23:24:30+00:00,19290,19290.0
41752,0 INSAT 3DR,hanle,51.83,2025-10-07 18:03:30+00:00,2025-10-07 23:24:30+00:00,2025-10-07 18:03:30+00:00,2025-10-07 23:24:30+00:00,19260,19260.0
20693,0 COSMOS 2085,hanle,66.42,2025-10-07 18:05:00+00:00,2025-10-07 23:24:30+00:00,2025-10-07 18:05:00+00:00,2025-10-07 23:24:30+00:00,19170,19170.0
41588,0 ABS 2A,hanle,51.84,2025-10-07 18:05:30+00:00,2025-10-07 23:24:30+00:00,2025-10-07 18:05:30+00:00,2025-10-07 23:24:30+00:00,19140,19140.0
39508,0 ABS 2,hanle,51.85,2025-10-07 18:06:30+00:00,2025-10-07 23:24:30+00:00,2025-10-07 18:06:30+00:00,2025-10-07 23:24:30+00:00,19080,19080.0
14867,0 COSMOS 1546,hanle,59.89,2025-10-07 18:11:00+00:00,2025-10-07 23:24:30+00:00,2025-10-07 18:11:00+00:00,2025-10-07 23:24:30+00:00,18810,18810.0
44903,0 ELEKTRO-L 3,hanle,51.89,2025-10-07 18:11:00+00:00,2025-10-07 23:24:30+00:00,2025-10-07 18:11:00+00:00,2025-10-07 23:24:30+00:00,18810,18810.0
40887,0 MUOS 4,hanle,54.2,2025-10-07 18:12:00+00:00,2025-10-07 23:24:30+00:00,2025-10-07 18:12:00+00:00,2025-10-07 23:24:30+00:00,18750,18750.0
23680,0 LUCH 1,hanle,68.55,2025-10-07 18:12:00+00:00,2025-10-07 23:24:30+00:00,2025-10-07 18:12:00+00:00,2025-10-07 23:24:30+00:00,18750,18750.0
22694,0 HGS 4 (GALAXY 4),hanle,68.46,2025-10-07 18:12:00+00:00,2025-10-07 23:24:30+00:00,2025-10-07 18:12:00+00:00,2025-10-07 23:24:30+00:00,18750,18750.0
38107,0 APSTAR 7,hanle,51.85,2025-10-07 18:12:30+00:00,2025-10-07 23:24:30+00:00,2025-10-07 18:12:30+00:00,2025-10-07 23:24:30+00:00,18720,18720.0
63361,0 TIANLIAN-2 04,hanle,53.64,2025-10-07 18:14:30+00:00,2025-10-07 23:24:30+00:00,2025-10-07 18:14:30+00:00,2025-10-07 23:24:30+00:00,18600,18600.0
44076,0 TIANLIAN 2-01,hanle,51.91,2025-10-07 18:14:30+00:00,2025-10-07 23:24:30+00:00,2025-10-07 18:14:30+00:00,2025-10-07 23:24:30+00:00,18600,18600.0
37677,0 CHINASAT 10,hanle,51.76,2025-10-07 18:14:30+00:00,2025-10-07 23:24:30+00:00,2025-10-07 18:14:30+00:00,2025-10-07 23:24:30+00:00,18600,18600.0
26394,0 COSMOS 2371,hanle,66.57,2025-10-07 18:18:00+00:00,2025-10-07 23:24:30+00:00,2025-10-07 18:18:00+00:00,2025-10-07 23:24:30+00:00,18390,18390.0
22723,0 HISPASAT 1B,hanle,65.15,2025-10-07 18:18:00+00:00,2025-10-07 23:24:30+00:00,2025-10-07 18:18:00+00:00,2025-10-07 23:24:30+00:00,18390,18390.0
10365,0 EKRAN 2,hanle,53.49,2025-10-07 18:18:00+00:00,2025-10-07 23:24:30+00:00,2025-10-07 18:18:00+00:00,2025-10-07 23:24:30+00:00,18390,18390.0
13974,0 RADUGA 12,hanle,58.45,2025-10-07 18:18:30+00:00,2025-10-07 23:24:30+00:00,2025-10-07 18:18:30+00:00,2025-10-07 23:24:30+00:00,18360,18360.0
23200,0 TURKSAT 1B,hanle,64.57,2025-10-07 18:20:30+00:00,2025-10-07 23:24:30+00:00,2025-10-07 18:20:30+00:00,2025-10-07 23:24:30+00:00,18240,18240.0
36108,0 WGS F3 (USA 211),hanle,51.81,2025-10-07 18:20:30+00:00,2025-10-07 23:24:30+00:00,2025-10-07 18:20:30+00:00,2025-10-07 23:24:30+00:00,18240,18240.0
20558,0 ASIASAT 1,hanle,68.81,2025-10-07 18:20:30+00:00,2025-10-07 23:24:30+00:00,2025-10-07 18:20:30+00:00,2025-10-07 23:24:30+00:00,18240,18240.0
41552,0 THAICOM 8,hanle,51.91,2025-10-07 18:20:30+00:00,2025-10-07 23:24:30+00:00,2025-10-07 18:20:30+00:00,2025-10-07 23:24:30+00:00,18240,18240.0
39500,0 THAICOM 6,hanle,51.82,2025-10-07 18:21:00+00:00,2025-10-07 23:24:30+00:00,2025-10-07 18:21:00+00:00,2025-10-07 23:24:30+00:00,18210,18210.0
28117,0 UFO 11 (USA 174),hanle,58.07,2025-10-07 18:21:30+00:00,2025-10-07 23:24:30+00:00,2025-10-07 18:21:30+00:00,2025-10-07 23:24:30+00:00,18180,18180.0
33108,0 COSMOS 2440,hanle,57.39,2025-10-07 18:23:30+00:00,2025-10-07 23:24:30+00:00,2025-10-07 18:23:30+00:00,2025-10-07 23:24:30+00:00,18060,18060.0
21873,0 USA 78,hanle,68.49,2025-10-07 18:24:30+00:00,2025-10-07 23:24:30+00:00,2025-10-07 18:24:30+00:00,2025-10-07 23:24:30+00:00,18000,18000.0
12564,0 EKRAN 7,hanle,55.52,2025-10-07 18:25:30+00:00,2025-10-07 23:24:30+00:00,2025-10-07 18:25:30+00:00,2025-10-07 23:24:30+00:00,17940,17940.0
26892,0 COSMOS 2379,hanle,65.26,2025-10-07 18:25:30+00:00,2025-10-07 23:24:30+00:00,2025-10-07 18:25:30+00:00,2025-10-07 23:24:30+00:00,17940,17940.0
45986,0 EXPRESS 80,hanle,51.85,2025-10-07 18:26:30+00:00,2025-10-07 23:24:30+00:00,2025-10-07 18:26:30+00:00,2025-10-07 23:24:30+00:00,17880,17880.0
41121,0 COSMOS 2513,hanle,51.83,2025-10-07 18:28:00+00:00,2025-10-07 23:24:30+00:00,2025-10-07 18:28:00+00:00,2025-10-07 23:24:30+00:00,17790,17790.0
47321,0 TIANTONG-1 3,hanle,53.91,2025-10-07 18:28:30+00:00,2025-10-07 23:24:30+00:00,2025-10-07 18:28:30+00:00,2025-10-07 23:24:30+00:00,17760,17760.0
6437,0 ANIK A2 (TELESAT 2),hanle,55.87,2025-10-07 18:29:00+00:00,2025-10-07 23:24:30+00:00,2025-10-07 18:29:00+00:00,2025-10-07 23:24:30+00:00,17730,17730.0
43491,0 FENGYUN 2H,hanle,51.75,2025-10-07 18:29:00+00:00,2025-10-07 23:24:30+00:00,2025-10-07 18:29:00+00:00,2025-10-07 23:24:30+00:00,17730,17730.0
44910,0 SJ-20,hanle,51.87,2025-10-07 18:30:00+00:00,2025-10-07 23:24:30+00:00,2025-10-07 18:30:00+00:00,2025-10-07 23:24:30+00:00,17670,17670.0
45344,0 BEIDOU 3 G2,hanle,53.93,2025-10-07 18:30:30+00:00,2025-10-07 23:24:30+00:00,2025-10-07 18:30:30+00:00,2025-10-07 23:24:30+00:00,17640,17640.0
53813,0 CHINASAT 1E,hanle,51.86,2025-10-07 18:32:30+00:00,2025-10-07 23:24:30+00:00,2025-10-07 18:32:30+00:00,2025-10-07 23:24:30+00:00,17520,17520.0
36590,0 BEIDOU 4,hanle,53.32,2025-10-07 18:33:30+00:00,2025-10-07 23:24:30+00:00,2025-10-07 18:33:30+00:00,2025-10-07 23:24:30+00:00,17460,17460.0
58990,0 INSAT 3DS,hanle,51.85,2025-10-07 18:35:00+00:00,2025-10-07 23:24:30+00:00,2025-10-07 18:35:00+00:00,2025-10-07 23:24:30+00:00,17370,17370.0
22245,0 GORIZONT 27,hanle,66.51,2025-10-07 18:37:00+00:00,2025-10-07 23:24:30+00:00,2025-10-07 18:37:00+00:00,2025-10-07 23:24:30+00:00,17250,17250.0
21922,0 GORIZONT 25,hanle,66.09,2025-10-07 18:38:00+00:00,2025-10-07 23:24:30+00:00,2025-10-07 18:38:00+00:00,2025-10-07 23:24:30+00:00,17190,17190.0
38779,0 GSAT 10,hanle,51.84,2025-10-07 18:38:30+00:00,2025-10-07 23:24:30+00:00,2025-10-07 18:38:30+00:00,2025-10-07 23:24:30+00:00,17160,17160.0
45026,0 GSAT 30,hanle,51.84,2025-10-07 18:38:30+00:00,2025-10-07 23:24:30+00:00,2025-10-07 18:38:30+00:00,2025-10-07 23:24:30+00:00,17160,17160.0
47256,0 CMS-01,hanle,51.85,2025-10-07 18:39:00+00:00,2025-10-07 23:24:30+00:00,2025-10-07 18:39:00+00:00,2025-10-07 23:24:30+00:00,17130,17130.0
52903,0 CMS-02,hanle,51.85,2025-10-07 18:39:00+00:00,2025-10-07 23:24:30+00:00,2025-10-07 18:39:00+00:00,2025-10-07 23:24:30+00:00,17130,17130.0
23613,0 TDRS 7,hanle,66.48,2025-10-07 18:39:30+00:00,2025-10-07 23:24:30+00:00,2025-10-07 18:39:30+00:00,2025-10-07 23:24:30+00:00,17100,17100.0
40880,0 GSAT 6,hanle,51.87,2025-10-07 18:40:00+00:00,2025-10-07 23:24:30+00:00,2025-10-07 18:40:00+00:00,2025-10-07 23:24:30+00:00,17070,17070.0
8513,0 RADUGA 1,hanle,51.82,2025-10-07 18:41:00+00:00,2025-10-07 23:24:30+00:00,2025-10-07 18:41:00+00:00,2025-10-07 23:24:30+00:00,17010,17010.0
44637,0 TJS-4,hanle,51.85,2025-10-07 18:41:00+00:00,2025-10-07 23:24:30+00:00,2025-10-07 18:41:00+00:00,2025-10-07 23:24:30+00:00,17010,17010.0
21016,0 RADUGA 26,hanle,64.47,2025-10-07 18:41:30+00:00,2025-10-07 23:24:30+00:00,2025-10-07 18:41:30+00:00,2025-10-07 23:24:30+00:00,16980,16980.0
50319,0 INMARSAT 6-F1,hanle,51.84,2025-10-07 18:41:30+00:00,2025-10-07 23:24:30+00:00,2025-10-07 18:41:30+00:00,2025-10-07 23:24:30+00:00,16980,16980.0
14985,0 CHINASAT 5 (SPACENET 1),hanle,67.23,2025-10-07 18:43:00+00:00,2025-10-07 23:24:30+00:00,2025-10-07 18:43:00+00:00,2025-10-07 23:24:30+00:00,16890,16890.0
36106,0 INTELSAT 15,hanle,51.83,2025-10-07 18:47:00+00:00,2025-10-07 23:24:30+00:00,2025-10-07 18:47:00+00:00,2025-10-07 23:24:30+00:00,16650,16650.0
25152,0 BRAZILSAT B3,hanle,58.45,2025-10-07 18:48:00+00:00,2025-10-07 23:24:30+00:00,2025-10-07 18:48:00+00:00,2025-10-07 23:24:30+00:00,16590,16590.0
19330,0 INSAT 1C,hanle,61.13,2025-10-07 18:48:00+00:00,2025-10-07 23:24:30+00:00,2025-10-07 18:48:00+00:00,2025-10-07 23:24:30+00:00,16590,16590.0
2608,0 ATS 1,hanle,53.19,2025-10-07 18:48:00+00:00,2025-10-07 23:24:30+00:00,2025-10-07 18:48:00+00:00,2025-10-07 23:24:30+00:00,16590,16590.0
21906,0 GALAXY 5,hanle,66.43,2025-10-07 18:49:00+00:00,2025-10-07 23:24:30+00:00,2025-10-07 18:49:00+00:00,2025-10-07 23:24:30+00:00,16530,16530.0
40938,0 BD-20,hanle,40.79,2025-10-07 18:49:30+00:00,2025-10-07 23:24:30+00:00,2025-10-07 18:49:30+00:00,2025-10-07 23:24:30+00:00,16500,16500.0
43286,0 IRNSS 1I,hanle,34.76,2025-10-07 18:49:30+00:00,2025-10-07 23:24:30+00:00,2025-10-07 18:49:30+00:00,2025-10-07 23:24:30+00:00,16500,16500.0
11440,0 GORIZONT 2,hanle,53.05,2025-10-07 18:50:00+00:00,2025-10-07 23:24:30+00:00,2025-10-07 18:50:00+00:00,2025-10-07 23:24:30+00:00,16470,16470.0
38953,0 BEIDOU 16,hanle,52.9,2025-10-07 18:51:30+00:00,2025-10-07 23:24:30+00:00,2025-10-07 18:51:30+00:00,2025-10-07 23:24:30+00:00,16380,16380.0
26388,0 TDRS 8,hanle,63.81,2025-10-07 18:52:00+00:00,2025-10-07 23:24:30+00:00,2025-10-07 18:52:00+00:00,2025-10-07 23:24:30+00:00,16350,16350.0
37749,0 KAZSAT 2,hanle,51.87,2025-10-07 18:52:30+00:00,2025-10-07 23:24:30+00:00,2025-10-07 18:52:30+00:00,2025-10-07 23:24:30+00:00,16320,16320.0
40269,0 IRNSS 1C,hanle,51.29,2025-10-07 18:55:00+00:00,2025-10-07 23:24:30+00:00,2025-10-07 18:55:00+00:00,2025-10-07 23:24:30+00:00,16170,16170.0
13554,0 EKRAN 9,hanle,54.6,2025-10-07 18:55:00+00:00,2025-10-07 23:24:30+00:00,2025-10-07 18:55:00+00:00,2025-10-07 23:24:30+00:00,16170,16170.0
39017,0 CHINASAT 12,hanle,51.84,2025-10-07 18:56:30+00:00,2025-10-07 23:24:30+00:00,2025-10-07 18:56:30+00:00,2025-10-07 23:24:30+00:00,16080,16080.0
37606,0 ST 2,hanle,51.82,2025-10-07 18:58:30+00:00,2025-10-07 23:24:30+00:00,2025-10-07 18:58:30+00:00,2025-10-07 23:24:30+00:00,15960,15960.0
38070,0 WGS F4 (USA 233),hanle,51.8,2025-10-07 19:00:00+00:00,2025-10-07 23:24:30+00:00,2025-10-07 19:00:00+00:00,2025-10-07 23:24:30+00:00,15870,15870.0
21038,0 RADUGA 1-2,hanle,61.96,2025-10-07 19:00:30+00:00,2025-10-07 23:24:30+00:00,2025-10-07 19:00:30+00:00,2025-10-07 23:24:30+00:00,15840,15840.0
65486,0 SHIYAN 29,hanle,81.21,2025-10-07 19:00:30+00:00,2025-10-07 23:24:30+00:00,2025-10-07 19:00:30+00:00,2025-10-07 23:24:30+00:00,15840,15840.0
16526,0 STTW-1,hanle,57.94,2025-10-07 19:05:30+00:00,2025-10-07 23:24:30+00:00,2025-10-07 19:05:30+00:00,2025-10-07 23:24:30+00:00,15540,15540.0
40345,0 YAMAL 401,hanle,51.7,2025-10-07 19:06:30+00:00,2025-10-07 23:24:30+00:00,2025-10-07 19:06:30+00:00,2025-10-07 23:24:30+00:00,15480,15480.0
48618,0 SBIRS GEO 5 (USA 315),hanle,55.46,2025-10-07 19:07:30+00:00,2025-10-07 23:24:30+00:00,2025-10-07 19:07:30+00:00,2025-10-07 23:24:30+00:00,15420,15420.0
62876,0 QZS-6,hanle,51.7,2025-10-07 19:08:30+00:00,2025-10-07 23:24:30+00:00,2025-10-07 19:08:30+00:00,2025-10-07 23:24:30+00:00,15360,15360.0
25880,0 TELKOM 1,hanle,55.36,2025-10-07 19:08:30+00:00,2025-10-07 23:24:30+00:00,2025-10-07 19:08:30+00:00,2025-10-07 23:24:30+00:00,15360,15360.0
47202,0 LUCAS (JDRS-1),hanle,51.64,2025-10-07 19:10:00+00:00,2025-10-07 23:24:30+00:00,2025-10-07 19:10:00+00:00,2025-10-07 23:24:30+00:00,15270,15270.0
40147,0 MEASAT 3B,hanle,51.56,2025-10-07 19:12:30+00:00,2025-10-07 23:24:30+00:00,2025-10-07 19:12:30+00:00,2025-10-07 23:24:30+00:00,15120,15120.0
52904,0 MEASAT 3D,hanle,51.55,2025-10-07 19:12:30+00:00,2025-10-07 23:24:30+00:00,2025-10-07 19:12:30+00:00,2025-10-07 23:24:30+00:00,15120,15120.0
9503,0 EKRAN 1,hanle,50.22,2025-10-07 19:13:00+00:00,2025-10-07 23:24:30+00:00,2025-10-07 19:13:00+00:00,2025-10-07 23:24:30+00:00,15090,15090.0
25642,0 RADUGA 1-4,hanle,65.29,2025-10-07 19:13:00+00:00,2025-10-07 23:24:30+00:00,2025-10-07 19:13:00+00:00,2025-10-07 23:24:30+00:00,15090,15090.0
27400,0 ASTRA 3A,hanle,60.19,2025-10-07 19:14:30+00:00,2025-10-07 23:24:30+00:00,2025-10-07 19:14:30+00:00,2025-10-07 23:24:30+00:00,15000,15000.0
57624,0 LUDI TANCE-4 01A,hanle,35.13,2025-10-07 19:14:30+00:00,2025-10-07 23:24:30+00:00,2025-10-07 19:14:30+00:00,2025-10-07 23:24:30+00:00,15000,15000.0
64470,0 CHINASAT-9C,hanle,51.42,2025-10-07 19:15:30+00:00,2025-10-07 23:24:30+00:00,2025-10-07 19:15:30+00:00,2025-10-07 23:24:30+00:00,14940,14940.0
33051,0 CHINASAT 9,hanle,51.42,2025-10-07 19:16:30+00:00,2025-10-07 23:24:30+00:00,2025-10-07 19:16:30+00:00,2025-10-07 23:24:30+00:00,14880,14880.0
44481,0 AEHF 5 (USA 292),hanle,52.44,2025-10-07 19:17:00+00:00,2025-10-07 23:24:30+00:00,2025-10-07 19:17:00+00:00,2025-10-07 23:24:30+00:00,14850,14850.0
27554,0 EUTE 25C (EUTE W5),hanle,57.24,2025-10-07 19:18:00+00:00,2025-10-07 23:24:30+00:00,2025-10-07 19:18:00+00:00,2025-10-07 23:24:30+00:00,14790,14790.0
26477,0 RADUGA 1-5,hanle,63.97,2025-10-07 19:19:00+00:00,2025-10-07 23:24:30+00:00,2025-10-07 19:19:00+00:00,2025-10-07 23:24:30+00:00,14730,14730.0
41434,0 BEIDOU IGSO-6,hanle,81.21,2025-10-07 19:20:30+00:00,2025-10-07 23:24:30+00:00,2025-10-07 19:20:30+00:00,2025-10-07 23:24:30+00:00,14640,14640.0
41028,0 GSAT 15,hanle,51.18,2025-10-07 19:20:30+00:00,2025-10-07 23:24:30+00:00,2025-10-07 19:20:30+00:00,2025-10-07 23:24:30+00:00,14640,14640.0
42815,0 GSAT 17,hanle,51.2,2025-10-07 19:21:00+00:00,2025-10-07 23:24:30+00:00,2025-10-07 19:21:00+00:00,2025-10-07 23:24:30+00:00,14610,14610.0
44204,0 BEIDOU 3 IGSO-1,hanle,54.31,2025-10-07 19:21:30+00:00,2025-10-07 23:24:30+00:00,2025-10-07 19:21:30+00:00,2025-10-07 23:24:30+00:00,14580,14580.0
22028,0 EUTE 2-F4,hanle,63.96,2025-10-07 19:22:00+00:00,2025-10-07 23:24:30+00:00,2025-10-07 19:22:00+00:00,2025-10-07 23:24:30+00:00,14550,14550.0
37384,0 BEIDOU 8,hanle,68.68,2025-10-07 19:22:30+00:00,2025-10-07 23:24:30+00:00,2025-10-07 19:22:30+00:00,2025-10-07 23:24:30+00:00,14520,14520.0
20953,0 GORIZONT 22,hanle,57.91,2025-10-07 19:22:30+00:00,2025-10-07 23:24:30+00:00,2025-10-07 19:22:30+00:00,2025-10-07 23:24:30+00:00,14520,14520.0
63157,0 TJS-15,hanle,51.04,2025-10-07 19:24:00+00:00,2025-10-07 23:24:30+00:00,2025-10-07 19:24:00+00:00,2025-10-07 23:24:30+00:00,14430,14430.0
39199,0 IRNSS R1A,hanle,38.22,2025-10-07 19:24:00+00:00,2025-10-07 23:24:30+00:00,2025-10-07 19:24:00+00:00,2025-10-07 23:24:30+00:00,14430,14430.0
19928,0 RADUGA 23,hanle,56.28,2025-10-07 19:25:30+00:00,2025-10-07 23:24:30+00:00,2025-10-07 19:25:30+00:00,2025-10-07 23:24:30+00:00,14340,14340.0
39460,0 SES 8,hanle,50.86,2025-10-07 19:26:30+00:00,2025-10-07 23:24:30+00:00,2025-10-07 19:26:30+00:00,2025-10-07 23:24:30+00:00,14280,14280.0
43488,0 SES 12,hanle,50.88,2025-10-07 19:26:30+00:00,2025-10-07 23:24:30+00:00,2025-10-07 19:26:30+00:00,2025-10-07 23:24:30+00:00,14280,14280.0
23010,0 RADUGA 31,hanle,58.67,2025-10-07 19:29:00+00:00,2025-10-07 23:24:30+00:00,2025-10-07 19:29:00+00:00,2025-10-07 23:24:30+00:00,14130,14130.0
39727,0 LUCH 5V,hanle,53.5,2025-10-07 19:31:30+00:00,2025-10-07 23:24:30+00:00,2025-10-07 19:31:30+00:00,2025-10-07 23:24:30+00:00,13980,13980.0
45985,0 EXPRESS 103,hanle,50.46,2025-10-07 19:32:30+00:00,2025-10-07 23:24:30+00:00,2025-10-07 19:32:30+00:00,2025-10-07 23:24:30+00:00,13920,13920.0
19710,0 STTW-3,hanle,57.55,2025-10-07 19:32:30+00:00,2025-10-07 23:24:30+00:00,2025-10-07 19:32:30+00:00,2025-10-07 23:24:30+00:00,13920,13920.0
23522,0 HIMAWARI 5 (GMS 5),hanle,60.82,2025-10-07 19:33:30+00:00,2025-10-07 23:24:30+00:00,2025-10-07 19:33:30+00:00,2025-10-07 23:24:30+00:00,13860,13860.0
30794,0 SKYNET 5A,hanle,53.13,2025-10-07 19:34:30+00:00,2025-10-07 23:24:30+00:00,2025-10-07 19:34:30+00:00,2025-10-07 23:24:30+00:00,13800,13800.0
24798,0 DFH-3 2,hanle,61.05,2025-10-07 19:35:00+00:00,2025-10-07 23:24:30+00:00,2025-10-07 19:35:00+00:00,2025-10-07 23:24:30+00:00,13770,13770.0
42695,0 GSAT 9,hanle,50.27,2025-10-07 19:36:00+00:00,2025-10-07 23:24:30+00:00,2025-10-07 19:36:00+00:00,2025-10-07 23:24:30+00:00,13710,13710.0
26089,0 GARUDA 1,hanle,56.88,2025-10-07 19:36:30+00:00,2025-10-07 23:24:30+00:00,2025-10-07 19:36:30+00:00,2025-10-07 23:24:30+00:00,13680,13680.0
32404,0 THURAYA 3,hanle,55.58,2025-10-07 19:36:30+00:00,2025-10-07 23:24:30+00:00,2025-10-07 19:36:30+00:00,2025-10-07 23:24:30+00:00,13680,13680.0
10987,0 RADUGA 4,hanle,48.51,2025-10-07 19:37:30+00:00,2025-10-07 23:24:30+00:00,2025-10-07 19:37:30+00:00,2025-10-07 23:24:30+00:00,13620,13620.0
8357,0 COSMOS 775,hanle,48.55,2025-10-07 19:37:30+00:00,2025-10-07 23:24:30+00:00,2025-10-07 19:37:30+00:00,2025-10-07 23:24:30+00:00,13620,13620.0
39157,0 CHINASAT 11,hanle,50.06,2025-10-07 19:38:00+00:00,2025-10-07 23:24:30+00:00,2025-10-07 19:38:00+00:00,2025-10-07 23:24:30+00:00,13590,13590.0
49062,0 CHINASAT 2E,hanle,50.02,2025-10-07 19:38:30+00:00,2025-10-07 23:24:30+00:00,2025-10-07 19:38:30+00:00,2025-10-07 23:24:30+00:00,13560,13560.0
37256,0 BEIDOU 7,hanle,37.26,2025-10-07 19:40:00+00:00,2025-10-07 23:24:30+00:00,2025-10-07 19:40:00+00:00,2025-10-07 23:24:30+00:00,13470,13470.0
38352,0 CHINASAT 2A,hanle,50.22,2025-10-07 19:41:00+00:00,2025-10-07 23:24:30+00:00,2025-10-07 19:41:00+00:00,2025-10-07 23:24:30+00:00,13410,13410.0
15561,0 BRAZILSAT 1,hanle,55.76,2025-10-07 19:41:30+00:00,2025-10-07 23:24:30+00:00,2025-10-07 19:41:30+00:00,2025-10-07 23:24:30+00:00,13380,13380.0
26724,0 XM-2,hanle,57.46,2025-10-07 19:42:30+00:00,2025-10-07 23:24:30+00:00,2025-10-07 19:42:30+00:00,2025-10-07 23:24:30+00:00,13320,13320.0
31395,0 NIGCOMSAT 1,hanle,59.5,2025-10-07 19:45:30+00:00,2025-10-07 23:24:30+00:00,2025-10-07 19:45:30+00:00,2025-10-07 23:24:30+00:00,13140,13140.0
10792,0 YURI (BSE),hanle,47.55,2025-10-07 19:48:00+00:00,2025-10-07 23:24:30+00:00,2025-10-07 19:48:00+00:00,2025-10-07 23:24:30+00:00,12990,12990.0
35696,0 ASIASAT 5,hanle,49.12,2025-10-07 19:48:30+00:00,2025-10-07 23:24:30+00:00,2025-10-07 19:48:30+00:00,2025-10-07 23:24:30+00:00,12960,12960.0
41725,0 TIANTONG-1 1,hanle,52.13,2025-10-07 19:49:00+00:00,2025-10-07 23:24:30+00:00,2025-10-07 19:49:00+00:00,2025-10-07 23:24:30+00:00,12930,12930.0
40367,0 FENGYUN 2G,hanle,52.31,2025-10-07 19:50:30+00:00,2025-10-07 23:24:30+00:00,2025-10-07 19:50:30+00:00,2025-10-07 23:24:30+00:00,12840,12840.0
49125,0 CHINASAT 9B,hanle,48.79,2025-10-07 19:52:00+00:00,2025-10-07 23:24:30+00:00,2025-10-07 19:52:00+00:00,2025-10-07 23:24:30+00:00,12750,12750.0
25546,0 BONUM 1,hanle,58.07,2025-10-07 19:52:30+00:00,2025-10-07 23:24:30+00:00,2025-10-07 19:52:30+00:00,2025-10-07 23:24:30+00:00,12720,12720.0
60179,0 CHINASAT-3A,hanle,48.7,2025-10-07 19:53:00+00:00,2025-10-07 23:24:30+00:00,2025-10-07 19:53:00+00:00,2025-10-07 23:24:30+00:00,12690,12690.0
11708,0 RADUGA 6,hanle,46.77,2025-10-07 19:54:00+00:00,2025-10-07 23:24:30+00:00,2025-10-07 19:54:00+00:00,2025-10-07 23:24:30+00:00,12630,12630.0
14134,0 PALAPA B1,hanle,50.55,2025-10-07 19:54:30+00:00,2025-10-07 23:24:30+00:00,2025-10-07 19:54:30+00:00,2025-10-07 23:24:30+00:00,12600,12600.0
29648,0 MEASAT 3,hanle,51.27,2025-10-07 19:54:30+00:00,2025-10-07 23:24:30+00:00,2025-10-07 19:54:30+00:00,2025-10-07 23:24:30+00:00,12600,12600.0
23199,0 BRAZILSAT B1,hanle,57.7,2025-10-07 19:56:30+00:00,2025-10-07 23:24:30+00:00,2025-10-07 19:56:30+00:00,2025-10-07 23:24:30+00:00,12480,12480.0
50002,0 EXPRESS AMU-3,hanle,48.07,2025-10-07 19:58:30+00:00,2025-10-07 23:24:30+00:00,2025-10-07 19:58:30+00:00,2025-10-07 23:24:30+00:00,12360,12360.0
41745,0 USA 271,hanle,50.27,2025-10-07 19:59:00+00:00,2025-10-07 23:24:30+00:00,2025-10-07 19:59:00+00:00,2025-10-07 23:24:30+00:00,12330,12330.0
41021,0 CHINASAT 2C,hanle,47.97,2025-10-07 20:00:00+00:00,2025-10-07 23:24:30+00:00,2025-10-07 20:00:00+00:00,2025-10-07 23:24:30+00:00,12270,12270.0
28194,0 RADUGA 1-7,hanle,55.5,2025-10-07 20:03:00+00:00,2025-10-07 23:24:30+00:00,2025-10-07 20:03:00+00:00,2025-10-07 23:24:30+00:00,12090,12090.0
32478,0 EXPRESS AM-33,hanle,50.21,2025-10-07 20:04:30+00:00,2025-10-07 23:24:30+00:00,2025-10-07 20:04:30+00:00,2025-10-07 23:24:30+00:00,12000,12000.0
25239,0 NSS 806 (INTELSAT 806),hanle,52.31,2025-10-07 20:05:00+00:00,2025-10-07 23:24:30+00:00,2025-10-07 20:05:00+00:00,2025-10-07 23:24:30+00:00,11970,11970.0
48808,0 FENGYUN 4B,hanle,47.26,2025-10-07 20:05:00+00:00,2025-10-07 23:24:30+00:00,2025-10-07 20:05:00+00:00,2025-10-07 23:24:30+00:00,11970,11970.0
10778,0 INTELSAT 4A-F6,hanle,46.67,2025-10-07 20:05:30+00:00,2025-10-07 23:24:30+00:00,2025-10-07 20:05:30+00:00,2025-10-07 23:24:30+00:00,11940,11940.0
26107,0 ASIASTAR,hanle,54.1,2025-10-07 20:05:30+00:00,2025-10-07 23:24:30+00:00,2025-10-07 20:05:30+00:00,2025-10-07 23:24:30+00:00,11940,11940.0
23731,0 INSAT 2C,hanle,53.18,2025-10-07 20:06:00+00:00,2025-10-07 23:24:30+00:00,2025-10-07 20:06:00+00:00,2025-10-07 23:24:30+00:00,11910,11910.0
20263,0 GORIZONT 19,hanle,48.43,2025-10-07 20:07:30+00:00,2025-10-07 23:24:30+00:00,2025-10-07 20:07:30+00:00,2025-10-07 23:24:30+00:00,11820,11820.0
40107,0 ASIASAT 8,hanle,46.99,2025-10-07 20:07:30+00:00,2025-10-07 23:24:30+00:00,2025-10-07 20:07:30+00:00,2025-10-07 23:24:30+00:00,11820,11820.0
37933,0 ASIASAT 7,hanle,46.92,2025-10-07 20:08:30+00:00,2025-10-07 23:24:30+00:00,2025-10-07 20:08:30+00:00,2025-10-07 23:24:30+00:00,11760,11760.0
41194,0 GAOFEN 4,hanle,46.85,2025-10-07 20:09:30+00:00,2025-10-07 23:24:30+00:00,2025-10-07 20:09:30+00:00,2025-10-07 23:24:30+00:00,11700,11700.0
11648,0 GORIZONT 3,hanle,44.6,2025-10-07 20:09:30+00:00,2025-10-07 23:24:30+00:00,2025-10-07 20:09:30+00:00,2025-10-07 23:24:30+00:00,11700,11700.0
41241,0 IRNSS 1E,hanle,68.44,2025-10-07 20:15:00+00:00,2025-10-07 23:24:30+00:00,2025-10-07 20:15:00+00:00,2025-10-07 23:24:30+00:00,11370,11370.0
44978,0 TJS-5,hanle,45.94,2025-10-07 20:16:30+00:00,2025-10-07 23:24:30+00:00,2025-10-07 20:16:30+00:00,2025-10-07 23:24:30+00:00,11280,11280.0
20410,0 LEASAT 5,hanle,48.83,2025-10-07 20:16:30+00:00,2025-10-07 23:24:30+00:00,2025-10-07 20:16:30+00:00,2025-10-07 23:24:30+00:00,11280,11280.0
43587,0 TELKOM-4,hanle,45.63,2025-10-07 20:18:30+00:00,2025-10-07 23:24:30+00:00,2025-10-07 20:18:30+00:00,2025-10-07 23:24:30+00:00,11160,11160.0
41380,0 SES 9,hanle,45.43,2025-10-07 20:19:30+00:00,2025-10-07 23:24:30+00:00,2025-10-07 20:19:30+00:00,2025-10-07 23:24:30+00:00,11100,11100.0
34941,0 SES 7 (PROTOSTAR 2),hanle,45.49,2025-10-07 20:19:30+00:00,2025-10-07 23:24:30+00:00,2025-10-07 20:19:30+00:00,2025-10-07 23:24:30+00:00,11100,11100.0
37207,0 BSAT-3B,hanle,44.57,2025-10-07 20:25:30+00:00,2025-10-07 23:24:30+00:00,2025-10-07 20:25:30+00:00,2025-10-07 23:24:30+00:00,10740,10740.0
46112,0 BSAT-4B,hanle,44.6,2025-10-07 20:25:30+00:00,2025-10-07 23:24:30+00:00,2025-10-07 20:25:30+00:00,2025-10-07 23:24:30+00:00,10740,10740.0
42951,0 BSAT-4A,hanle,44.63,2025-10-07 20:25:30+00:00,2025-10-07 23:24:30+00:00,2025-10-07 20:25:30+00:00,2025-10-07 23:24:30+00:00,10740,10740.0
37776,0 BSAT-3C,hanle,44.5,2025-10-07 20:26:00+00:00,2025-10-07 23:24:30+00:00,2025-10-07 20:26:00+00:00,2025-10-07 23:24:30+00:00,10710,10710.0
23536,0 BRAZILSAT B2,hanle,50.79,2025-10-07 20:26:30+00:00,2025-10-07 23:24:30+00:00,2025-10-07 20:26:30+00:00,2025-10-07 23:24:30+00:00,10680,10680.0
41903,0 JCSAT 15,hanle,44.43,2025-10-07 20:26:30+00:00,2025-10-07 23:24:30+00:00,2025-10-07 20:26:30+00:00,2025-10-07 23:24:30+00:00,10680,10680.0
41586,0 BD-2-G7,hanle,45.34,2025-10-07 20:28:00+00:00,2025-10-07 23:24:30+00:00,2025-10-07 20:28:00+00:00,2025-10-07 23:24:30+00:00,10590,10590.0
45807,0 BEIDOU 3 G3,hanle,45.47,2025-10-07 20:28:00+00:00,2025-10-07 23:24:30+00:00,2025-10-07 20:28:00+00:00,2025-10-07 23:24:30+00:00,10590,10590.0
42662,0 CHINASAT 16,hanle,44.22,2025-10-07 20:28:30+00:00,2025-10-07 23:24:30+00:00,2025-10-07 20:28:30+00:00,2025-10-07 23:24:30+00:00,10560,10560.0
63075,0 CHINASAT 10R,hanle,44.16,2025-10-07 20:28:30+00:00,2025-10-07 23:24:30+00:00,2025-10-07 20:28:30+00:00,2025-10-07 23:24:30+00:00,10560,10560.0
12618,0 RADUGA 9,hanle,41.69,2025-10-07 20:29:30+00:00,2025-10-07 23:24:30+00:00,2025-10-07 20:29:30+00:00,2025-10-07 23:24:30+00:00,10500,10500.0
22175,0 HELLAS-SAT 1 (DFS 3),hanle,47.06,2025-10-07 20:30:00+00:00,2025-10-07 23:24:30+00:00,2025-10-07 20:30:00+00:00,2025-10-07 23:24:30+00:00,10470,10470.0
23415,0 DFH-3 1,hanle,43.95,2025-10-07 20:33:00+00:00,2025-10-07 23:24:30+00:00,2025-10-07 20:33:00+00:00,2025-10-07 23:24:30+00:00,10290,10290.0
26469,0 BRAZILSAT B4,hanle,49.41,2025-10-07 20:33:30+00:00,2025-10-07 23:24:30+00:00,2025-10-07 20:33:30+00:00,2025-10-07 23:24:30+00:00,10260,10260.0
8808,0 NATO 3A,hanle,41.95,2025-10-07 20:34:00+00:00,2025-10-07 23:24:30+00:00,2025-10-07 20:34:00+00:00,2025-10-07 23:24:30+00:00,10230,10230.0
40100,0 USA 254,hanle,45.59,2025-10-07 20:37:30+00:00,2025-10-07 23:24:30+00:00,2025-10-07 20:37:30+00:00,2025-10-07 23:24:30+00:00,10020,10020.0
58995,0 TELKOMSAT 113BT,hanle,42.7,2025-10-07 20:38:00+00:00,2025-10-07 23:24:30+00:00,2025-10-07 20:38:00+00:00,2025-10-07 23:24:30+00:00,9990,9990.0
29349,0 KOREASAT 5,hanle,43.21,2025-10-07 20:39:00+00:00,2025-10-07 23:24:30+00:00,2025-10-07 20:39:00+00:00,2025-10-07 23:24:30+00:00,9930,9930.0
42984,0 KOREASAT 5A,hanle,42.58,2025-10-07 20:39:00+00:00,2025-10-07 23:24:30+00:00,2025-10-07 20:39:00+00:00,2025-10-07 23:24:30+00:00,9930,9930.0
31800,0 CHINASAT 6B,hanle,43.37,2025-10-07 20:40:30+00:00,2025-10-07 23:24:30+00:00,2025-10-07 20:40:30+00:00,2025-10-07 23:24:30+00:00,9840,9840.0
14899,0 STTW-T2,hanle,40.54,2025-10-07 20:41:30+00:00,2025-10-07 23:24:30+00:00,2025-10-07 20:41:30+00:00,2025-10-07 23:24:30+00:00,9780,9780.0
50321,0 SHIYAN 12 01 (SY-12 01),hanle,43.7,2025-10-07 20:42:30+00:00,2025-10-07 23:24:30+00:00,2025-10-07 20:42:30+00:00,2025-10-07 23:24:30+00:00,9720,9720.0
28463,0 EXPRESS AM-1,hanle,47.44,2025-10-07 20:42:30+00:00,2025-10-07 23:24:30+00:00,2025-10-07 20:42:30+00:00,2025-10-07 23:24:30+00:00,9720,9720.0
23435,0 USA 107,hanle,42.98,2025-10-07 20:43:30+00:00,2025-10-07 23:24:30+00:00,2025-10-07 20:43:30+00:00,2025-10-07 23:24:30+00:00,9660,9660.0
25492,0 SIRIUS 3,hanle,46.02,2025-10-07 20:46:00+00:00,2025-10-07 23:24:30+00:00,2025-10-07 20:46:00+00:00,2025-10-07 23:24:30+00:00,9510,9510.0
58253,0 CHINASAT-6E,hanle,41.01,2025-10-07 20:48:30+00:00,2025-10-07 23:24:30+00:00,2025-10-07 20:48:30+00:00,2025-10-07 23:24:30+00:00,9360,9360.0
42691,0 KOREASAT 7,hanle,40.8,2025-10-07 20:50:00+00:00,2025-10-07 23:24:30+00:00,2025-10-07 20:50:00+00:00,2025-10-07 23:24:30+00:00,9270,9270.0
27441,0 EXPRESS 4A,hanle,45.12,2025-10-07 20:50:00+00:00,2025-10-07 23:24:30+00:00,2025-10-07 20:50:00+00:00,2025-10-07 23:24:30+00:00,9270,9270.0
61910,0 KOREASAT 6A,hanle,40.69,2025-10-07 20:50:30+00:00,2025-10-07 23:24:30+00:00,2025-10-07 20:50:30+00:00,2025-10-07 23:24:30+00:00,9240,9240.0
45920,0 KOREASAT 116,hanle,40.59,2025-10-07 20:51:00+00:00,2025-10-07 23:24:30+00:00,2025-10-07 20:51:00+00:00,2025-10-07 23:24:30+00:00,9210,9210.0
44709,0 BEIDOU 3 IGSO-3,hanle,27.29,2025-10-07 20:53:00+00:00,2025-10-07 23:24:30+00:00,2025-10-07 20:53:00+00:00,2025-10-07 23:24:30+00:00,9090,9090.0
23775,0 GORIZONT 31,hanle,40.14,2025-10-07 20:55:00+00:00,2025-10-07 23:24:30+00:00,2025-10-07 20:55:00+00:00,2025-10-07 23:24:30+00:00,8970,8970.0
59020,0 TJS-11,hanle,38.81,2025-10-07 20:57:30+00:00,2025-10-07 23:24:30+00:00,2025-10-07 20:57:30+00:00,2025-10-07 23:24:30+00:00,8820,8820.0
46610,0 GAOFEN 13,hanle,39.53,2025-10-07 20:57:30+00:00,2025-10-07 23:24:30+00:00,2025-10-07 20:57:30+00:00,2025-10-07 23:24:30+00:00,8820,8820.0
41944,0 TELKOM 3S,hanle,39.37,2025-10-07 20:58:00+00:00,2025-10-07 23:24:30+00:00,2025-10-07 20:58:00+00:00,2025-10-07 23:24:30+00:00,8790,8790.0
20253,0 FLTSATCOM 8 (USA 46),hanle,39.26,2025-10-07 20:58:30+00:00,2025-10-07 23:24:30+00:00,2025-10-07 20:58:30+00:00,2025-10-07 23:24:30+00:00,8760,8760.0
62006,0 ADS-01,hanle,39.13,2025-10-07 20:59:00+00:00,2025-10-07 23:24:30+00:00,2025-10-07 20:59:00+00:00,2025-10-07 23:24:30+00:00,8730,8730.0
60606,0 CHINASAT 4A,hanle,38.3,2025-10-07 20:59:00+00:00,2025-10-07 23:24:30+00:00,2025-10-07 20:59:00+00:00,2025-10-07 23:24:30+00:00,8730,8730.0
52940,0 WFOV (USA 332),hanle,40.32,2025-10-07 21:02:00+00:00,2025-10-07 23:24:30+00:00,2025-10-07 21:02:00+00:00,2025-10-07 23:24:30+00:00,8550,8550.0
43463,0 BANGABANDHUSAT-1,hanle,38.6,2025-10-07 21:02:30+00:00,2025-10-07 23:24:30+00:00,2025-10-07 21:02:30+00:00,2025-10-07 23:24:30+00:00,8520,8520.0
28786,0 IPSTAR 1,hanle,38.33,2025-10-07 21:04:00+00:00,2025-10-07 23:24:30+00:00,2025-10-07 21:04:00+00:00,2025-10-07 23:24:30+00:00,8430,8430.0
29163,0 THAICOM 5,hanle,41.27,2025-10-07 21:04:30+00:00,2025-10-07 23:24:30+00:00,2025-10-07 21:04:30+00:00,2025-10-07 23:24:30+00:00,8400,8400.0
40141,0 ASIASAT 6,hanle,38.02,2025-10-07 21:06:00+00:00,2025-10-07 23:24:30+00:00,2025-10-07 21:06:00+00:00,2025-10-07 23:24:30+00:00,8310,8310.0
19508,0 CS 3B,hanle,37.64,2025-10-07 21:06:30+00:00,2025-10-07 23:24:30+00:00,2025-10-07 21:06:30+00:00,2025-10-07 23:24:30+00:00,8280,8280.0
21227,0 SPACENET 4 (ASC 2),hanle,38.5,2025-10-07 21:09:00+00:00,2025-10-07 23:24:30+00:00,2025-10-07 21:09:00+00:00,2025-10-07 23:24:30+00:00,8130,8130.0
58582,0 YAOGAN-41,hanle,35.64,2025-10-07 21:13:30+00:00,2025-10-07 23:24:30+00:00,2025-10-07 21:13:30+00:00,2025-10-07 23:24:30+00:00,7860,7860.0
42942,0 ASIASAT 9,hanle,36.44,2025-10-07 21:14:30+00:00,2025-10-07 23:24:30+00:00,2025-10-07 21:14:30+00:00,2025-10-07 23:24:30+00:00,7800,7800.0
22096,0 SATCOM C4,hanle,36.77,2025-10-07 21:18:00+00:00,2025-10-07 23:24:30+00:00,2025-10-07 21:18:00+00:00,2025-10-07 23:24:30+00:00,7590,7590.0
41882,0 FENGYUN 4A,hanle,36.23,2025-10-07 21:20:00+00:00,2025-10-07 23:24:30+00:00,2025-10-07 21:20:00+00:00,2025-10-07 23:24:30+00:00,7470,7470.0
38331,0 JCSAT 13,hanle,35.04,2025-10-07 21:22:00+00:00,2025-10-07 23:24:30+00:00,2025-10-07 21:22:00+00:00,2025-10-07 23:24:30+00:00,7350,7350.0
21765,0 INTELSAT 601,hanle,35.63,2025-10-07 21:22:30+00:00,2025-10-07 23:24:30+00:00,2025-10-07 21:22:30+00:00,2025-10-07 23:24:30+00:00,7320,7320.0
50322,0 SHIYAN 12 02 (SY-12 02),hanle,36.21,2025-10-07 21:23:00+00:00,2025-10-07 23:24:30+00:00,2025-10-07 21:23:00+00:00,2025-10-07 23:24:30+00:00,7290,7290.0
4297,0 INTELSAT 3-F6,hanle,35.26,2025-10-07 21:23:30+00:00,2025-10-07 23:24:30+00:00,2025-10-07 21:23:30+00:00,2025-10-07 23:24:30+00:00,7260,7260.0
46916,0 TIANTONG-1 2,hanle,34.2,2025-10-07 21:24:30+00:00,2025-10-07 23:24:30+00:00,2025-10-07 21:24:30+00:00,2025-10-07 23:24:30+00:00,7200,7200.0
37950,0 AMOS 5,hanle,36.98,2025-10-07 21:26:00+00:00,2025-10-07 23:24:30+00:00,2025-10-07 21:26:00+00:00,2025-10-07 23:24:30+00:00,7110,7110.0
62485,0 SJ-25,hanle,35.91,2025-10-07 21:26:30+00:00,2025-10-07 23:24:30+00:00,2025-10-07 21:26:30+00:00,2025-10-07 23:24:30+00:00,7080,7080.0
52255,0 CHINASAT 6D,hanle,34.2,2025-10-07 21:26:30+00:00,2025-10-07 23:24:30+00:00,2025-10-07 21:26:30+00:00,2025-10-07 23:24:30+00:00,7080,7080.0
49330,0 SJ-21,hanle,35.91,2025-10-07 21:26:30+00:00,2025-10-07 23:24:30+00:00,2025-10-07 21:26:30+00:00,2025-10-07 23:24:30+00:00,7080,7080.0
55686,0 CHINASAT-26,hanle,34.22,2025-10-07 21:26:30+00:00,2025-10-07 23:24:30+00:00,2025-10-07 21:26:30+00:00,2025-10-07 23:24:30+00:00,7080,7080.0
14318,0 INSAT 1B,hanle,32.16,2025-10-07 21:27:00+00:00,2025-10-07 23:24:30+00:00,2025-10-07 21:27:00+00:00,2025-10-07 23:24:30+00:00,7050,7050.0
41748,0 INTELSAT 33E,hanle,33.91,2025-10-07 21:30:30+00:00,2025-10-07 23:24:30+00:00,2025-10-07 21:30:30+00:00,2025-10-07 23:24:30+00:00,6840,6840.0
25258,0 UFO 8 (USA 138),hanle,34.01,2025-10-07 21:31:00+00:00,2025-10-07 23:24:30+00:00,2025-10-07 21:31:00+00:00,2025-10-07 23:24:30+00:00,6810,6810.0
10024,0 INTELSAT 4A-F4,hanle,31.2,2025-10-07 21:31:30+00:00,2025-10-07 23:24:30+00:00,2025-10-07 21:31:30+00:00,2025-10-07 23:24:30+00:00,6780,6780.0
36744,0 COMS 1,hanle,34.54,2025-10-07 21:33:00+00:00,2025-10-07 23:24:30+00:00,2025-10-07 21:33:00+00:00,2025-10-07 23:24:30+00:00,6690,6690.0
15057,0 RADUGA 15,hanle,30.78,2025-10-07 21:33:00+00:00,2025-10-07 23:24:30+00:00,2025-10-07 21:33:00+00:00,2025-10-07 23:24:30+00:00,6690,6690.0
26575,0 USA 153,hanle,33.92,2025-10-07 21:34:00+00:00,2025-10-07 23:24:30+00:00,2025-10-07 21:34:00+00:00,2025-10-07 23:24:30+00:00,6630,6630.0
42917,0 QZS-3,hanle,32.71,2025-10-07 21:34:30+00:00,2025-10-07 23:24:30+00:00,2025-10-07 21:34:30+00:00,2025-10-07 23:24:30+00:00,6600,6600.0
19596,0 RADUGA 22,hanle,30.18,2025-10-07 21:38:00+00:00,2025-10-07 23:24:30+00:00,2025-10-07 21:38:00+00:00,2025-10-07 23:24:30+00:00,6390,6390.0
29272,0 JCSAT 10,hanle,31.98,2025-10-07 21:38:00+00:00,2025-10-07 23:24:30+00:00,2025-10-07 21:38:00+00:00,2025-10-07 23:24:30+00:00,6390,6390.0
43432,0 COSMOS 2526,hanle,31.91,2025-10-07 21:38:30+00:00,2025-10-07 23:24:30+00:00,2025-10-07 21:38:30+00:00,2025-10-07 23:24:30+00:00,6360,6360.0
26372,0 GORIZONT 33,hanle,31.31,2025-10-07 21:38:30+00:00,2025-10-07 23:24:30+00:00,2025-10-07 21:38:30+00:00,2025-10-07 23:24:30+00:00,6360,6360.0
43823,0 GEO-KOMPSAT-2A,hanle,31.79,2025-10-07 21:39:00+00:00,2025-10-07 23:24:30+00:00,2025-10-07 21:39:00+00:00,2025-10-07 23:24:30+00:00,6330,6330.0
45246,0 GEO-KOMPSAT-2B,hanle,31.79,2025-10-07 21:39:00+00:00,2025-10-07 23:24:30+00:00,2025-10-07 21:39:00+00:00,2025-10-07 23:24:30+00:00,6330,6330.0
41034,0 LAOSAT 1,hanle,31.61,2025-10-07 21:40:00+00:00,2025-10-07 23:24:30+00:00,2025-10-07 21:40:00+00:00,2025-10-07 23:24:30+00:00,6270,6270.0
41469,0 IRNSS 1G,hanle,32.73,2025-10-07 21:42:30+00:00,2025-10-07 23:24:30+00:00,2025-10-07 21:42:30+00:00,2025-10-07 23:24:30+00:00,6120,6120.0
39216,0 INSAT 3D,hanle,31.52,2025-10-07 21:43:00+00:00,2025-10-07 23:24:30+00:00,2025-10-07 21:43:00+00:00,2025-10-07 23:24:30+00:00,6090,6090.0
22116,0 HISPASAT 1A,hanle,30.51,2025-10-07 21:43:30+00:00,2025-10-07 23:24:30+00:00,2025-10-07 21:43:30+00:00,2025-10-07 23:24:30+00:00,6060,6060.0
27775,0 COSMOS 2397,hanle,30.73,2025-10-07 21:44:30+00:00,2025-10-07 23:24:30+00:00,2025-10-07 21:44:30+00:00,2025-10-07 23:24:30+00:00,6000,6000.0
4068,0 ATS 5,hanle,30.51,2025-10-07 21:45:30+00:00,2025-10-07 23:24:30+00:00,2025-10-07 21:45:30+00:00,2025-10-07 23:24:30+00:00,5940,5940.0
43920,0 CHINASAT 2D,hanle,30.44,2025-10-07 21:46:00+00:00,2025-10-07 23:24:30+00:00,2025-10-07 21:46:00+00:00,2025-10-07 23:24:30+00:00,5910,5910.0
49505,0 CHINASAT 1D,hanle,30.36,2025-10-07 21:46:30+00:00,2025-10-07 23:24:30+00:00,2025-10-07 21:46:30+00:00,2025-10-07 23:24:30+00:00,5880,5880.0
44067,0 CHINASAT 6C,hanle,30.0,2025-10-07 21:48:00+00:00,2025-10-07 23:24:30+00:00,2025-10-07 21:48:00+00:00,2025-10-07 23:24:30+00:00,5790,5790.0
56759,0 NVS-01,hanle,29.12,2025-10-07 21:48:00+00:00,2025-10-07 23:24:30+00:00,2025-10-07 21:48:00+00:00,2025-10-07 23:24:30+00:00,5790,5790.0
32767,0 VINASAT 1,hanle,28.91,2025-10-07 21:53:30+00:00,2025-10-07 23:24:30+00:00,2025-10-07 21:53:30+00:00,2025-10-07 23:24:30+00:00,5460,5460.0
21055,0 ITALSAT 1,hanle,27.62,2025-10-07 21:53:30+00:00,2025-10-07 23:24:30+00:00,2025-10-07 21:53:30+00:00,2025-10-07 23:24:30+00:00,5460,5460.0
38332,0 VINASAT 2,hanle,28.97,2025-10-07 21:53:30+00:00,2025-10-07 23:24:30+00:00,2025-10-07 21:53:30+00:00,2025-10-07 23:24:30+00:00,5460,5460.0
11484,0 WESTAR 3,hanle,27.07,2025-10-07 21:53:30+00:00,2025-10-07 23:24:30+00:00,2025-10-07 21:53:30+00:00,2025-10-07 23:24:30+00:00,5460,5460.0
29045,0 JCSAT 9,hanle,29.06,2025-10-07 21:53:30+00:00,2025-10-07 23:24:30+00:00,2025-10-07 21:53:30+00:00,2025-10-07 23:24:30+00:00,5460,5460.0
41744,0 USA 270,hanle,29.96,2025-10-07 21:53:30+00:00,2025-10-07 23:24:30+00:00,2025-10-07 21:53:30+00:00,2025-10-07 23:24:30+00:00,5460,5460.0
35755,0 JCSAT 12,hanle,28.82,2025-10-07 21:54:00+00:00,2025-10-07 23:24:30+00:00,2025-10-07 21:54:00+00:00,2025-10-07 23:24:30+00:00,5430,5430.0
24652,0 ARABSAT 2B,hanle,29.48,2025-10-07 21:56:30+00:00,2025-10-07 23:24:30+00:00,2025-10-07 21:56:30+00:00,2025-10-07 23:24:30+00:00,5280,5280.0
26638,0 ASTRA 2D,hanle,29.11,2025-10-07 21:58:30+00:00,2025-10-07 23:24:30+00:00,2025-10-07 21:58:30+00:00,2025-10-07 23:24:30+00:00,5160,5160.0
45245,0 JCSAT 17,hanle,27.41,2025-10-07 21:59:00+00:00,2025-10-07 23:24:30+00:00,2025-10-07 21:59:00+00:00,2025-10-07 23:24:30+00:00,5130,5130.0
45863,0 APSTAR 6D,hanle,27.22,2025-10-07 22:02:00+00:00,2025-10-07 23:24:30+00:00,2025-10-07 22:02:00+00:00,2025-10-07 23:24:30+00:00,4950,4950.0
43450,0 APSTAR 6C,hanle,27.24,2025-10-07 22:02:00+00:00,2025-10-07 23:24:30+00:00,2025-10-07 22:02:00+00:00,2025-10-07 23:24:30+00:00,4950,4950.0
55239,0 APSTAR 6E,hanle,27.23,2025-10-07 22:02:00+00:00,2025-10-07 23:24:30+00:00,2025-10-07 22:02:00+00:00,2025-10-07 23:24:30+00:00,4950,4950.0
26382,0 FENGYUN 2B,hanle,26.59,2025-10-07 22:02:30+00:00,2025-10-07 23:24:30+00:00,2025-10-07 22:02:30+00:00,2025-10-07 23:24:30+00:00,4920,4920.0
43339,0 USA 283,hanle,27.15,2025-10-07 22:02:30+00:00,2025-10-07 23:24:30+00:00,2025-10-07 22:02:30+00:00,2025-10-07 23:24:30+00:00,4920,4920.0
50574,0 TJS-9,hanle,24.57,2025-10-07 22:15:00+00:00,2025-10-07 23:24:30+00:00,2025-10-07 22:15:00+00:00,2025-10-07 23:24:30+00:00,4170,4170.0
24714,0 NAHUEL 1A,hanle,23.99,2025-10-07 22:17:00+00:00,2025-10-07 23:24:30+00:00,2025-10-07 22:17:00+00:00,2025-10-07 23:24:30+00:00,4050,4050.0
18384,0 COSMOS 1888,hanle,22.53,2025-10-07 22:17:30+00:00,2025-10-07 23:24:30+00:00,2025-10-07 22:17:30+00:00,2025-10-07 23:24:30+00:00,4020,4020.0
36287,0 BEIDOU 3,hanle,24.37,2025-10-07 22:18:00+00:00,2025-10-07 23:24:30+00:00,2025-10-07 22:18:00+00:00,2025-10-07 23:24:30+00:00,3990,3990.0
43611,0 TELSTAR 18V,hanle,23.96,2025-10-07 22:18:00+00:00,2025-10-07 23:24:30+00:00,2025-10-07 22:18:00+00:00,2025-10-07 23:24:30+00:00,3990,3990.0
45465,0 AEHF 6 (USA 298),hanle,23.38,2025-10-07 22:18:30+00:00,2025-10-07 23:24:30+00:00,2025-10-07 22:18:30+00:00,2025-10-07 23:24:30+00:00,3960,3960.0
53355,0 SBIRS GEO 6 (USA 336),hanle,22.61,2025-10-07 22:21:30+00:00,2025-10-07 23:24:30+00:00,2025-10-07 22:21:30+00:00,2025-10-07 23:24:30+00:00,3780,3780.0
43683,0 BEIDOU 3G1,hanle,23.59,2025-10-07 22:22:30+00:00,2025-10-07 23:24:30+00:00,2025-10-07 22:22:30+00:00,2025-10-07 23:24:30+00:00,3720,3720.0
24769,0 BSAT-1A,hanle,23.2,2025-10-07 22:22:30+00:00,2025-10-07 23:24:30+00:00,2025-10-07 22:22:30+00:00,2025-10-07 23:24:30+00:00,3720,3720.0
27516,0 DRTS,hanle,23.0,2025-10-07 22:23:30+00:00,2025-10-07 23:24:30+00:00,2025-10-07 22:23:30+00:00,2025-10-07 23:24:30+00:00,3660,3660.0
23653,0 COSMOS 2319,hanle,21.58,2025-10-07 22:24:00+00:00,2025-10-07 23:24:30+00:00,2025-10-07 22:24:00+00:00,2025-10-07 23:24:30+00:00,3630,3630.0
32050,0 INSAT 4CR,hanle,23.44,2025-10-07 22:24:30+00:00,2025-10-07 23:24:30+00:00,2025-10-07 22:24:30+00:00,2025-10-07 23:24:30+00:00,3600,3600.0
39613,0 EXPRESS AT2,hanle,22.42,2025-10-07 22:25:30+00:00,2025-10-07 23:24:30+00:00,2025-10-07 22:25:30+00:00,2025-10-07 23:24:30+00:00,3540,3540.0
39487,0 EXPRESS AM-5,hanle,22.27,2025-10-07 22:26:30+00:00,2025-10-07 23:24:30+00:00,2025-10-07 22:26:30+00:00,2025-10-07 23:24:30+00:00,3480,3480.0
40940,0 SKY MUSTER,hanle,22.1,2025-10-07 22:27:00+00:00,2025-10-07 23:24:30+00:00,2025-10-07 22:27:00+00:00,2025-10-07 23:24:30+00:00,3450,3450.0
28899,0 INMARSAT 4-F2,hanle,22.25,2025-10-07 22:27:00+00:00,2025-10-07 23:24:30+00:00,2025-10-07 22:27:00+00:00,2025-10-07 23:24:30+00:00,3450,3450.0
15560,0 ARABSAT 1A,hanle,20.53,2025-10-07 22:28:00+00:00,2025-10-07 23:24:30+00:00,2025-10-07 22:28:00+00:00,2025-10-07 23:24:30+00:00,3390,3390.0
19073,0 COSMOS 1940,hanle,20.36,2025-10-07 22:28:30+00:00,2025-10-07 23:24:30+00:00,2025-10-07 22:28:30+00:00,2025-10-07 23:24:30+00:00,3360,3360.0
40267,0 HIMAWARI 8,hanle,21.77,2025-10-07 22:28:30+00:00,2025-10-07 23:24:30+00:00,2025-10-07 22:28:30+00:00,2025-10-07 23:24:30+00:00,3360,3360.0
41836,0 HIMAWARI 9,hanle,21.67,2025-10-07 22:29:00+00:00,2025-10-07 23:24:30+00:00,2025-10-07 22:29:00+00:00,2025-10-07 23:24:30+00:00,3330,3330.0
63924,0 TJS-19,hanle,20.71,2025-10-07 22:31:00+00:00,2025-10-07 23:24:30+00:00,2025-10-07 22:31:00+00:00,2025-10-07 23:24:30+00:00,3210,3210.0
11964,0 GOES 4,hanle,19.64,2025-10-07 22:33:30+00:00,2025-10-07 23:24:30+00:00,2025-10-07 22:33:30+00:00,2025-10-07 23:24:30+00:00,3060,3060.0
40982,0 APSTAR 9,hanle,20.69,2025-10-07 22:34:00+00:00,2025-10-07 23:24:30+00:00,2025-10-07 22:34:00+00:00,2025-10-07 23:24:30+00:00,3030,3030.0
44475,0 EDRS-C,hanle,20.28,2025-10-07 22:36:00+00:00,2025-10-07 23:24:30+00:00,2025-10-07 22:36:00+00:00,2025-10-07 23:24:30+00:00,2910,2910.0
33274,0 SUPERBIRD 7,hanle,20.06,2025-10-07 22:38:00+00:00,2025-10-07 23:24:30+00:00,2025-10-07 22:38:00+00:00,2025-10-07 23:24:30+00:00,2790,2790.0
13035,0 SATCOM 4,hanle,18.32,2025-10-07 22:39:30+00:00,2025-10-07 23:24:30+00:00,2025-10-07 22:39:30+00:00,2025-10-07 23:24:30+00:00,2700,2700.0
44231,0 BEIDOU 2 G8,hanle,19.46,2025-10-07 22:40:30+00:00,2025-10-07 23:24:30+00:00,2025-10-07 22:40:30+00:00,2025-10-07 23:24:30+00:00,2640,2640.0
41729,0 JCSAT 16,hanle,19.05,2025-10-07 22:41:30+00:00,2025-10-07 23:24:30+00:00,2025-10-07 22:41:30+00:00,2025-10-07 23:24:30+00:00,2580,2580.0
61733,0 DSN-3,hanle,18.95,2025-10-07 22:42:00+00:00,2025-10-07 23:24:30+00:00,2025-10-07 22:42:00+00:00,2025-10-07 23:24:30+00:00,2550,2550.0
41794,0 SKY MUSTER 2,hanle,18.31,2025-10-07 22:45:30+00:00,2025-10-07 23:24:30+00:00,2025-10-07 22:45:30+00:00,2025-10-07 23:24:30+00:00,2340,2340.0
27718,0 ASIASAT 4,hanle,18.49,2025-10-07 22:46:00+00:00,2025-10-07 23:24:30+00:00,2025-10-07 22:46:00+00:00,2025-10-07 23:24:30+00:00,2310,2310.0
20923,0 GORIZONT 21,hanle,17.2,2025-10-07 22:46:00+00:00,2025-10-07 23:24:30+00:00,2025-10-07 22:46:00+00:00,2025-10-07 23:24:30+00:00,2310,2310.0
50001,0 EXPRESS AMU-7,hanle,18.15,2025-10-07 22:46:00+00:00,2025-10-07 23:24:30+00:00,2025-10-07 22:46:00+00:00,2025-10-07 23:24:30+00:00,2310,2310.0
57045,0 NUSANTARA TIGA,hanle,17.36,2025-10-07 22:50:00+00:00,2025-10-07 23:24:30+00:00,2025-10-07 22:50:00+00:00,2025-10-07 23:24:30+00:00,2070,2070.0
44048,0 NUSANTARA SATU,hanle,17.32,2025-10-07 22:50:00+00:00,2025-10-07 23:24:30+00:00,2025-10-07 22:50:00+00:00,2025-10-07 23:24:30+00:00,2070,2070.0
20873,0 GALAXY 6,hanle,16.25,2025-10-07 22:52:30+00:00,2025-10-07 23:24:30+00:00,2025-10-07 22:52:30+00:00,2025-10-07 23:24:30+00:00,1920,1920.0
27711,0 USA 169,hanle,16.49,2025-10-07 22:52:30+00:00,2025-10-07 23:24:30+00:00,2025-10-07 22:52:30+00:00,2025-10-07 23:24:30+00:00,1920,1920.0
62374,0 TJS-12,hanle,16.32,2025-10-07 22:54:00+00:00,2025-10-07 23:24:30+00:00,2025-10-07 22:54:00+00:00,2025-10-07 23:24:30+00:00,1830,1830.0
33414,0 VENESAT-1,hanle,16.14,2025-10-07 22:57:00+00:00,2025-10-07 23:24:30+00:00,2025-10-07 22:57:00+00:00,2025-10-07 23:24:30+00:00,1650,1650.0
55912,0 GAOFEN 13 02,hanle,15.39,2025-10-07 22:59:00+00:00,2025-10-07 23:24:30+00:00,2025-10-07 22:59:00+00:00,2025-10-07 23:24:30+00:00,1530,1530.0
27951,0 INSAT 3E,hanle,14.98,2025-10-07 23:01:00+00:00,2025-10-07 23:24:30+00:00,2025-10-07 23:01:00+00:00,2025-10-07 23:24:30+00:00,1410,1410.0
5588,0 OPS 9432 (DSCS 2-2),hanle,14.17,2025-10-07 23:04:30+00:00,2025-10-07 23:24:30+00:00,2025-10-07 23:04:30+00:00,2025-10-07 23:24:30+00:00,1200,1200.0
41879,0 WGS 8 (USA 272),hanle,14.13,2025-10-07 23:05:00+00:00,2025-10-07 23:24:30+00:00,2025-10-07 23:05:00+00:00,2025-10-07 23:24:30+00:00,1170,1170.0
44868,0 JCSAT 18,hanle,13.96,2025-10-07 23:06:00+00:00,2025-10-07 23:24:30+00:00,2025-10-07 23:06:00+00:00,2025-10-07 23:24:30+00:00,1110,1110.0
29495,0 OPTUS D1,hanle,13.69,2025-10-07 23:07:30+00:00,2025-10-07 23:24:30+00:00,2025-10-07 23:07:30+00:00,2025-10-07 23:24:30+00:00,1020,1020.0
41591,0 BRISAT,hanle,13.55,2025-10-07 23:08:00+00:00,2025-10-07 23:24:30+00:00,2025-10-07 23:08:00+00:00,2025-10-07 23:24:30+00:00,990,990.0
23639,0 KOREASAT 1,hanle,13.06,2025-10-07 23:08:30+00:00,2025-10-07 23:24:30+00:00,2025-10-07 23:08:30+00:00,2025-10-07 23:24:30+00:00,960,960.0
47851,0 SHIYAN 9 (SY-9),hanle,12.18,2025-10-07 23:11:30+00:00,2025-10-07 23:24:30+00:00,2025-10-07 23:11:30+00:00,2025-10-07 23:24:30+00:00,780,780.0
27831,0 OPTUS C1,hanle,12.72,2025-10-07 23:12:00+00:00,2025-10-07 23:24:30+00:00,2025-10-07 23:12:00+00:00,2025-10-07 23:24:30+00:00,750,750.0
62456,0 AGILA,hanle,12.19,2025-10-07 23:14:30+00:00,2025-10-07 23:24:30+00:00,2025-10-07 23:14:30+00:00,2025-10-07 23:24:30+00:00,600,600.0
28542,0 XTAR-EUR,hanle,12.18,2025-10-07 23:14:30+00:00,2025-10-07 23:24:30+00:00,2025-10-07 23:14:30+00:00,2025-10-07 23:24:30+00:00,600,600.0
16276,0 SATCOM K2,hanle,11.65,2025-10-07 23:16:00+00:00,2025-10-07 23:24:30+00:00,2025-10-07 23:16:00+00:00,2025-10-07 23:24:30+00:00,510,510.0
19397,0 GORIZONT 16,hanle,11.56,2025-10-07 23:16:30+00:00,2025-10-07 23:24:30+00:00,2025-10-07 23:16:30+00:00,2025-10-07 23:24:30+00:00,480,480.0
32253,0 INTELSAT 11 (PAS 11),hanle,11.62,2025-10-07 23:17:30+00:00,2025-10-07 23:24:30+00:00,2025-10-07 23:17:30+00:00,2025-10-07 23:24:30+00:00,420,420.0
60327,0 HG-02,hanle,11.42,2025-10-07 23:18:00+00:00,2025-10-07 23:24:30+00:00,2025-10-07 23:18:00+00:00,2025-10-07 23:24:30+00:00,390,390.0
26559,0 NSAT 110,hanle,11.31,2025-10-07 23:18:30+00:00,2025-10-07 23:24:30+00:00,2025-10-07 23:18:30+00:00,2025-10-07 23:24:30+00:00,360,360.0
41471,0 JCSAT 2B,hanle,10.64,2025-10-07 23:21:30+00:00,2025-10-07 23:24:30+00:00,2025-10-07 23:21:30+00:00,2025-10-07 23:24:30+00:00,180,180.0
