norad_id,satellite_name,observation_start_utc,observation_end_utc,peak_elevation,night
46114,0 GALAXY 30,2025-10-07T13:45:00Z,2025-10-07T13:46:30Z,10.8,1
33275,0 AMC-21,2025-10-07T13:48:30Z,2025-10-07T13:50:00Z,11.25,1
22253,0 SUPERBIRD A1,2025-10-07T13:52:00Z,2025-10-07T13:53:30Z,11.84,1
33463,0 FENGYUN 2E,2025-10-07T13:55:30Z,2025-10-07T13:57:00Z,13.85,1
54243,0 GALAXY 31,2025-10-07T13:59:00Z,2025-10-07T14:00:30Z,14.22,1
9047,0 COMSTAR 2,2025-10-07T14:02:30Z,2025-10-07T14:04:00Z,15.26,1
23537,0 HOT BIRD 1,2025-10-07T14:06:00Z,2025-10-07T14:07:30Z,14.78,1
15994,0 ASC 1,2025-10-07T14:09:30Z,2025-10-07T14:11:00Z,16.17,1
31102,0 ANIK F3,2025-10-07T14:13:00Z,2025-10-07T14:14:30Z,16.23,1
23176,0 BS-3N,2025-10-07T14:16:30Z,2025-10-07T14:18:00Z,17.17,1
39122,0 EUTE 117 WEST A(SATMEX 8,2025-10-07T14:20:00Z,2025-10-07T14:21:30Z,17.74,1
37843,0 VIASAT 1,2025-10-07T14:23:30Z,2025-10-07T14:25:00Z,19.14,1
40425,0 EUTE 115 WEST B(SATMEX 7,2025-10-07T14:27:00Z,2025-10-07T14:28:30Z,19.36,1
22087,0 OPTUS B1 (AUSSAT B1),2025-10-07T14:30:30Z,2025-10-07T14:32:00Z,20.26,1
15993,0 OPTUS A1 (AUSSAT 1),2025-10-07T14:34:00Z,2025-10-07T14:35:30Z,23.54,1
49817,0 STPSAT-6,2025-10-07T14:37:30Z,2025-10-07T14:39:00Z,22.02,1
40946,0 MORELOS 3,2025-10-07T14:41:00Z,2025-10-07T14:42:30Z,22.74,1
4353,0 NATO 2A,2025-10-07T14:44:30Z,2025-10-07T14:46:00Z,23.19,1
21653,0 INTELSAT 605,2025-10-07T14:48:00Z,2025-10-07T14:49:30Z,25.25,1
14328,0 SATCOM 2R,2025-10-07T14:51:30Z,2025-10-07T14:53:00Z,26.88,1
35491,0 GOES 14,2025-10-07T14:55:00Z,2025-10-07T14:56:30Z,24.99,1
38551,0 ECHOSTAR 17,2025-10-07T14:58:30Z,2025-10-07T15:00:00Z,25.73,1
28868,0 ANIK F1-R,2025-10-07T15:02:00Z,2025-10-07T15:03:30Z,27.03,1
19765,0 GORIZONT 17,2025-10-07T15:05:30Z,2025-10-07T15:07:00Z,30.87,1
12677,0 HIMAWARI 2 (GMS 2),2025-10-07T15:09:00Z,2025-10-07T15:10:30Z,30.12,1
13631,0 SATCOM C5,2025-10-07T15:12:30Z,2025-10-07T15:14:00Z,32.3,1
31862,0 DIRECTV 10,2025-10-07T15:16:00Z,2025-10-07T15:17:30Z,29.27,1
20762,0 THOR 1 (MARCOPOLO 2),2025-10-07T15:19:30Z,2025-10-07T15:21:00Z,32.79,1
8366,0 GOES 1 (SMS-C),2025-10-07T15:23:00Z,2025-10-07T15:24:30Z,31.24,1
15677,0 GSTAR 1,2025-10-07T15:26:30Z,2025-10-07T15:28:00Z,35.78,1
40333,0 DIRECTV 14,2025-10-07T15:30:00Z,2025-10-07T15:31:30Z,32.02,1
37218,0 SKYTERRA 1,2025-10-07T15:33:30Z,2025-10-07T15:35:00Z,33.5,1
41893,0 ECHOSTAR 19,2025-10-07T15:37:00Z,2025-10-07T15:38:30Z,33.69,1
38093,0 MUOS 1,2025-10-07T15:40:30Z,2025-10-07T15:42:00Z,35.47,1
26853,0 ASTRA 2C,2025-10-07T15:44:00Z,2025-10-07T15:45:30Z,35.54,1
54741,0 GALAXY 35,2025-10-07T15:47:30Z,2025-10-07T15:49:00Z,36.66,1
27445,0 GALAXY 3C,2025-10-07T15:51:00Z,2025-10-07T15:52:30Z,37.16,1
10787,0 OPS 8790,2025-10-07T15:54:30Z,2025-10-07T15:56:00Z,39.06,1
8747,0 LES 9,2025-10-07T15:58:00Z,2025-10-07T15:59:30Z,38.76,1
38342,0 NIMIQ 6,2025-10-07T16:01:30Z,2025-10-07T16:03:00Z,38.13,1
28158,0 USA 176,2025-10-07T16:05:00Z,2025-10-07T16:06:30Z,43.08,1
16116,0 USA 11,2025-10-07T16:08:30Z,2025-10-07T16:10:00Z,47.12,1
23948,0 ARABSAT 2A,2025-10-07T16:12:00Z,2025-10-07T16:13:30Z,47.09,1
21805,0 USA 75,2025-10-07T16:15:30Z,2025-10-07T16:17:00Z,48.74,1
37809,0 SES 2,2025-10-07T16:19:00Z,2025-10-07T16:20:30Z,40.94,1
22205,0 GALAXY 7,2025-10-07T16:22:30Z,2025-10-07T16:24:00Z,50.17,1
62259,0 SIRIUS XM-9,2025-10-07T16:26:00Z,2025-10-07T16:27:30Z,42.17,1
10981,0 GEOS 2,2025-10-07T16:29:30Z,2025-10-07T16:31:00Z,42.06,1
26056,0 GALAXY 10R,2025-10-07T16:33:00Z,2025-10-07T16:34:30Z,49.7,1
22988,0 USA 99,2025-10-07T16:36:30Z,2025-10-07T16:38:00Z,52.35,1
14234,0 ARABSAT 1DR (TELSTAR 3A),2025-10-07T16:40:00Z,2025-10-07T16:41:30Z,51.63,1
21702,0 COSMOS 2155,2025-10-07T16:43:30Z,2025-10-07T16:45:00Z,51.4,1
28903,0 SPACEWAY 2,2025-10-07T16:47:00Z,2025-10-07T16:48:30Z,48.11,1
22871,0 INTELSAT 701,2025-10-07T16:50:30Z,2025-10-07T16:52:00Z,52.33,1
61503,0 HG-03,2025-10-07T16:54:00Z,2025-10-07T16:55:30Z,46.8,1
37826,0 QUETZSAT 1,2025-10-07T16:57:30Z,2025-10-07T16:59:00Z,46.89,1
29656,0 ETS 8,2025-10-07T17:01:00Z,2025-10-07T17:02:30Z,55.75,1
15873,0 INTELSAT 511,2025-10-07T17:04:30Z,2025-10-07T17:06:00Z,52.01,1
39616,0 AMAZONAS 4A,2025-10-07T17:08:00Z,2025-10-07T17:09:30Z,48.2,1
25126,0 HGS 1 (ASIASAT 3),2025-10-07T17:11:30Z,2025-10-07T17:13:00Z,59.17,1
35873,0 NIMIQ 5,2025-10-07T17:15:00Z,2025-10-07T17:16:30Z,48.83,1
40272,0 ARSAT 1,2025-10-07T17:18:30Z,2025-10-07T17:20:00Z,49.14,1
32387,0 RASCOM 1,2025-10-07T17:22:00Z,2025-10-07T17:23:30Z,59.65,1
40733,0 STARONE C4,2025-10-07T17:25:30Z,2025-10-07T17:27:00Z,49.83,1
43651,0 AEHF 4 (USA 288),2025-10-07T17:29:00Z,2025-10-07T17:30:30Z,50.82,1
24936,0 AMC-3 (GE-3),2025-10-07T17:32:30Z,2025-10-07T17:34:00Z,56.92,1
49332,0 SES 17,2025-10-07T17:36:00Z,2025-10-07T17:37:30Z,50.7,1
43087,0 ANGOSAT 1,2025-10-07T17:39:30Z,2025-10-07T17:41:00Z,58.14,1
41382,0 EUTE 65W,2025-10-07T17:43:00Z,2025-10-07T17:44:30Z,51.2,1
32768,0 STAR ONE C2,2025-10-07T17:46:30Z,2025-10-07T17:48:00Z,51.81,1
41103,0 CHINASAT 1C,2025-10-07T17:50:00Z,2025-10-07T17:51:30Z,58.09,1
43562,0 TELSTAR 19V,2025-10-07T17:53:30Z,2025-10-07T17:55:00Z,51.51,1
22931,0 THAICOM 1,2025-10-07T17:57:00Z,2025-10-07T17:58:30Z,62.53,1
39008,0 ECHOSTAR 16,2025-10-07T18:00:30Z,2025-10-07T18:02:00Z,51.69,1
20040,0 SUPERBIRD A,2025-10-07T18:04:00Z,2025-10-07T18:05:30Z,46.68,1
19548,0 TDRS 3,2025-10-07T18:07:30Z,2025-10-07T18:09:00Z,48.1,1
15385,0 SPACENET 2,2025-10-07T18:11:00Z,2025-10-07T18:12:30Z,49.51,1
38749,0 INTELSAT 21,2025-10-07T18:14:30Z,2025-10-07T18:16:00Z,51.9,1
26052,0 USA 148,2025-10-07T18:18:00Z,2025-10-07T18:19:30Z,60.26,1
33596,0 EXPRESS MD1,2025-10-07T18:21:30Z,2025-10-07T18:23:00Z,61.9,1
40384,0 INMARSAT 5-F2,2025-10-07T18:25:00Z,2025-10-07T18:26:30Z,51.87,1
25153,0 INMARSAT 3-F5,2025-10-07T18:28:30Z,2025-10-07T18:30:00Z,61.2,1
25638,0 ARABSAT 3A,2025-10-07T18:32:00Z,2025-10-07T18:33:30Z,58.89,1
39168,0 WGS 5 (USA 243),2025-10-07T18:35:30Z,2025-10-07T18:37:00Z,51.87,1
25312,0 BSAT-1B,2025-10-07T18:39:00Z,2025-10-07T18:40:30Z,60.46,1
39120,0 SBIRS GEO 2 (USA 241),2025-10-07T18:42:30Z,2025-10-07T18:44:00Z,55.37,1
34264,0 RADUGA 1-8,2025-10-07T18:46:00Z,2025-10-07T18:47:30Z,59.41,1
24916,0 INTELSAT 5 (PAS 5),2025-10-07T18:49:30Z,2025-10-07T18:51:00Z,59.54,1
43175,0 SES 14,2025-10-07T18:53:00Z,2025-10-07T18:54:30Z,51.88,1
7544,0 INTELSAT 4-F8,2025-10-07T18:56:30Z,2025-10-07T18:58:00Z,42.99,1
27807,0 GSAT 2,2025-10-07T19:00:00Z,2025-10-07T19:01:30Z,56.94,1
36097,0 INTELSAT 14,2025-10-07T19:03:30Z,2025-10-07T19:05:00Z,51.9,1
39504,0 TDRS 12,2025-10-07T19:07:00Z,2025-10-07T19:08:30Z,51.61,1
41945,0 INTELSAT 32E,2025-10-07T19:10:30Z,2025-10-07T19:12:00Z,51.9,1
32258,0 WGS F1 (USA 195),2025-10-07T19:14:00Z,2025-10-07T19:15:30Z,52.02,1
24748,0 DIRECTV 6 (TEMPO 2),2025-10-07T19:17:30Z,2025-10-07T19:19:00Z,49.71,1
39172,0 SES 6,2025-10-07T19:21:00Z,2025-10-07T19:22:30Z,51.89,1
10143,0 HIMAWARI 1 (GMS 1),2025-10-07T19:24:30Z,2025-10-07T19:26:00Z,43.9,1
28526,0 NSS 10 (AMC-12),2025-10-07T19:28:00Z,2025-10-07T19:29:30Z,56.83,1
20499,0 RADUGA 25,2025-10-07T19:31:30Z,2025-10-07T19:33:00Z,39.87,1
34111,0 TELSTAR 11N,2025-10-07T19:35:00Z,2025-10-07T19:36:30Z,51.89,1
7250,0 WESTAR 1,2025-10-07T19:38:30Z,2025-10-07T19:40:00Z,43.26,1
41942,0 HISPASAT 36W-1,2025-10-07T19:42:00Z,2025-10-07T19:43:30Z,51.89,1
41434,0 BEIDOU IGSO-6,2025-10-07T19:45:30Z,2025-10-07T19:47:00Z,81.21,1
65486,0 SHIYAN 29,2025-10-07T19:49:00Z,2025-10-07T19:50:30Z,81.21,1
634,0 SYNCOM 2 (A 26),2025-10-07T19:52:30Z,2025-10-07T19:54:00Z,71.2,1
20558,0 ASIASAT 1,2025-10-07T19:56:00Z,2025-10-07T19:57:30Z,68.81,1
37384,0 BEIDOU 8,2025-10-07T19:59:30Z,2025-10-07T20:01:00Z,68.68,1
23680,0 LUCH 1,2025-10-07T20:03:00Z,2025-10-07T20:04:30Z,68.55,1
21873,0 USA 78,2025-10-07T20:06:30Z,2025-10-07T20:08:00Z,68.49,1
22694,0 HGS 4 (GALAXY 4),2025-10-07T20:10:00Z,2025-10-07T20:11:30Z,68.46,1
41241,0 IRNSS 1E,2025-10-07T20:15:00Z,2025-10-07T20:16:30Z,68.44,1
15308,0 GALAXY 3,2025-10-07T20:18:30Z,2025-10-07T20:20:00Z,68.24,1
23448,0 RADUGA 32,2025-10-07T20:22:00Z,2025-10-07T20:23:30Z,68.01,1
22836,0 RADUGA 30,2025-10-07T20:25:30Z,2025-10-07T20:27:00Z,67.98,1
25045,0 KUPON,2025-10-07T20:29:00Z,2025-10-07T20:30:30Z,67.97,1
20643,0 INSAT 1D,2025-10-07T20:32:30Z,2025-10-07T20:34:00Z,67.76,1
21111,0 COSMOS 2133,2025-10-07T20:36:00Z,2025-10-07T20:37:30Z,67.28,1
14985,0 CHINASAT 5 (SPACENET 1),2025-10-07T20:39:30Z,2025-10-07T20:41:00Z,67.23,1
23327,0 ELEKTRO (GOMS),2025-10-07T20:43:00Z,2025-10-07T20:44:30Z,67.22,1
15237,0 TELSTAR 302,2025-10-07T20:46:30Z,2025-10-07T20:48:00Z,67.17,1
26394,0 COSMOS 2371,2025-10-07T20:50:00Z,2025-10-07T20:51:30Z,66.57,1
22245,0 GORIZONT 27,2025-10-07T20:53:30Z,2025-10-07T20:55:00Z,66.51,1
23613,0 TDRS 7,2025-10-07T20:57:00Z,2025-10-07T20:58:30Z,66.48,1
21906,0 GALAXY 5,2025-10-07T21:00:30Z,2025-10-07T21:02:00Z,66.43,1
20693,0 COSMOS 2085,2025-10-07T21:04:00Z,2025-10-07T21:05:30Z,66.42,1
17561,0 GOES 7,2025-10-07T21:07:30Z,2025-10-07T21:09:00Z,66.28,1
22210,0 EKRAN 20,2025-10-07T21:11:00Z,2025-10-07T21:12:30Z,66.22,1
21922,0 GORIZONT 25,2025-10-07T21:14:30Z,2025-10-07T21:16:00Z,66.09,1
25642,0 RADUGA 1-4,2025-10-07T21:18:00Z,2025-10-07T21:19:30Z,65.29,1
26892,0 COSMOS 2379,2025-10-07T21:21:30Z,2025-10-07T21:23:00Z,65.26,1
19344,0 COSMOS 1961,2025-10-07T21:25:00Z,2025-10-07T21:26:30Z,65.17,1
22723,0 HISPASAT 1B,2025-10-07T21:28:30Z,2025-10-07T21:30:00Z,65.15,1
25315,0 COSMOS 2350,2025-10-07T21:32:00Z,2025-10-07T21:33:30Z,64.83,1
19772,0 INTELSAT 515,2025-10-07T21:35:30Z,2025-10-07T21:37:00Z,64.62,1
23200,0 TURKSAT 1B,2025-10-07T21:39:00Z,2025-10-07T21:40:30Z,64.57,1
20777,0 EUTE 2-F1,2025-10-07T21:42:30Z,2025-10-07T21:44:00Z,64.54,1
21016,0 RADUGA 26,2025-10-07T21:46:00Z,2025-10-07T21:47:30Z,64.47,1
26477,0 RADUGA 1-5,2025-10-07T21:49:30Z,2025-10-07T21:51:00Z,63.97,1
22028,0 EUTE 2-F4,2025-10-07T21:53:00Z,2025-10-07T21:54:30Z,63.96,1
26388,0 TDRS 8,2025-10-07T21:56:30Z,2025-10-07T21:58:00Z,63.81,1
20946,0 GSTAR 4,2025-10-07T22:00:00Z,2025-10-07T22:01:30Z,63.48,1
20193,0 SIRIUS W (MARCOPOLO 1),2025-10-07T22:03:30Z,2025-10-07T22:05:00Z,62.31,1
14783,0 COSMOS 1540,2025-10-07T22:07:00Z,2025-10-07T22:08:30Z,62.22,1
21038,0 RADUGA 1-2,2025-10-07T22:10:30Z,2025-10-07T22:12:00Z,61.96,1
19330,0 INSAT 1C,2025-10-07T22:14:00Z,2025-10-07T22:15:30Z,61.13,1
24798,0 DFH-3 2,2025-10-07T22:17:30Z,2025-10-07T22:19:00Z,61.05,1
23522,0 HIMAWARI 5 (GMS 5),2025-10-07T22:21:00Z,2025-10-07T22:22:30Z,60.82,1
12309,0 ESIAFI 1 (COMSTAR 4),2025-10-07T22:24:30Z,2025-10-07T22:26:00Z,60.64,1
27400,0 ASTRA 3A,2025-10-07T22:28:00Z,2025-10-07T22:29:30Z,60.19,1
10855,0 OTS 2,2025-10-07T22:31:30Z,2025-10-07T22:33:00Z,59.92,1
14867,0 COSMOS 1546,2025-10-07T22:35:00Z,2025-10-07T22:36:30Z,59.89,1
31395,0 NIGCOMSAT 1,2025-10-07T22:38:30Z,2025-10-07T22:40:00Z,59.5,1
10294,0 SIRIO,2025-10-07T22:42:00Z,2025-10-07T22:43:30Z,58.67,1
23010,0 RADUGA 31,2025-10-07T22:45:30Z,2025-10-07T22:47:00Z,58.67,1
13974,0 RADUGA 12,2025-10-07T22:49:00Z,2025-10-07T22:50:30Z,58.45,1
25152,0 BRAZILSAT B3,2025-10-07T22:52:30Z,2025-10-07T22:54:00Z,58.45,1
28117,0 UFO 11 (USA 174),2025-10-07T22:56:00Z,2025-10-07T22:57:30Z,58.07,1
25546,0 BONUM 1,2025-10-07T22:59:30Z,2025-10-07T23:01:00Z,58.07,1
16526,0 STTW-1,2025-10-07T23:03:00Z,2025-10-07T23:04:30Z,57.94,1
20953,0 GORIZONT 22,2025-10-07T23:06:30Z,2025-10-07T23:08:00Z,57.91,1
23199,0 BRAZILSAT B1,2025-10-07T23:10:00Z,2025-10-07T23:11:30Z,57.7,1
19710,0 STTW-3,2025-10-07T23:13:30Z,2025-10-07T23:15:00Z,57.55,1
26724,0 XM-2,2025-10-07T23:17:00Z,2025-10-07T23:18:30Z,57.46,1
26695,0 SKYNET 4F,2025-10-07T23:20:30Z,2025-10-07T23:22:00Z,57.43,1
13269,0 WESTAR 5,2025-10-08T13:45:00Z,2025-10-08T13:46:30Z,11.76,2
13431,0 ANIK D1 (TELESAT 6),2025-10-08T13:48:30Z,2025-10-08T13:50:00Z,12.62,2
39256,0 AEHF 3 (USA 246),2025-10-08T13:52:00Z,2025-10-08T13:53:30Z,12.36,2
28659,0 DIRECTV 8,2025-10-08T13:55:30Z,2025-10-08T13:57:00Z,15.85,2
36499,0 ECHOSTAR 14,2025-10-08T13:59:00Z,2025-10-08T14:00:30Z,15.98,2
36792,0 ECHOSTAR 15,2025-10-08T14:02:30Z,2025-10-08T14:04:00Z,16.07,2
41589,0 EUTE 117W B,2025-10-08T14:06:00Z,2025-10-08T14:07:30Z,17.61,2
27691,0 USA 167,2025-10-08T14:09:30Z,2025-10-08T14:11:00Z,17.96,2
64290,0 SIRIUS XM-10,2025-10-08T14:13:00Z,2025-10-08T14:14:30Z,18.33,2
20168,0 TVSAT 2,2025-10-08T14:16:30Z,2025-10-08T14:18:00Z,18.87,2
39360,0 SIRIUS FM-6,2025-10-08T14:20:00Z,2025-10-08T14:21:30Z,18.33,2
37185,0 XM-5,2025-10-08T14:23:30Z,2025-10-08T14:25:00Z,19.1,2
39035,0 MEXSAT 3,2025-10-08T14:27:00Z,2025-10-08T14:28:30Z,19.41,2
30323,0 BEIDOU 1D,2025-10-08T14:30:30Z,2025-10-08T14:32:00Z,19.94,2
28252,0 AMC-11 (GE-11),2025-10-08T14:34:00Z,2025-10-08T14:35:30Z,22.5,2
23712,0 USA 115,2025-10-08T14:37:30Z,2025-10-08T14:39:00Z,23.29,2
27820,0 AMC-9 (GE-12),2025-10-08T14:41:00Z,2025-10-08T14:42:30Z,22.55,2
16482,0 SATCOM K1,2025-10-08T14:44:30Z,2025-10-08T14:46:00Z,24.91,2
27426,0 DIRECTV 5 (TEMPO 1),2025-10-08T14:48:00Z,2025-10-08T14:49:30Z,24.81,2
12003,0 RADUGA 7,2025-10-08T14:51:30Z,2025-10-08T14:53:00Z,26.41,2
35496,0 TERRESTAR 1,2025-10-08T14:55:00Z,2025-10-08T14:56:30Z,25.39,2
4902,0 NATO 2B,2025-10-08T14:58:30Z,2025-10-08T15:00:00Z,26.33,2
12065,0 SBS 1,2025-10-08T15:02:00Z,2025-10-08T15:03:30Z,30.36,2
42967,0 ECHOSTAR 105/SES 11,2025-10-08T15:05:30Z,2025-10-08T15:07:00Z,27.51,2
21392,0 AURORA 2,2025-10-08T15:09:00Z,2025-10-08T15:10:30Z,29.96,2
14659,0 YURI 2A (BS-2A),2025-10-08T15:12:30Z,2025-10-08T15:14:00Z,32.38,2
40663,0 DIRECTV 15,2025-10-08T15:16:00Z,2025-10-08T15:17:30Z,29.26,2
22911,0 SOLIDARIDAD 1,2025-10-08T15:19:30Z,2025-10-08T15:21:00Z,33.09,2
36516,0 SES 1,2025-10-08T15:23:00Z,2025-10-08T15:24:30Z,30.66,2
29494,0 DIRECTV 9S,2025-10-08T15:26:30Z,2025-10-08T15:28:00Z,31.28,2
32729,0 DIRECTV 11,2025-10-08T15:30:00Z,2025-10-08T15:31:30Z,32.12,2
5851,0 OPS 1570,2025-10-08T15:33:30Z,2025-10-08T15:35:00Z,33.2,2
33376,0 GALAXY 19,2025-10-08T15:37:00Z,2025-10-08T15:38:30Z,33.76,2
15144,0 GORIZONT 10,2025-10-08T15:40:30Z,2025-10-08T15:42:00Z,37.57,2
33278,0 INMARSAT 4-F3,2025-10-08T15:44:00Z,2025-10-08T15:45:30Z,36.09,2
28218,0 SUPERBIRD 6,2025-10-08T15:47:30Z,2025-10-08T15:49:00Z,43.37,2
54244,0 GALAXY 32,2025-10-08T15:51:00Z,2025-10-08T15:52:30Z,38.2,2
56174,0 INTELSAT 40E,2025-10-08T15:54:30Z,2025-10-08T15:56:00Z,38.18,2
7229,0 COSMOS 637,2025-10-08T15:58:00Z,2025-10-08T15:59:30Z,38.27,2
20523,0 INTELSAT 603,2025-10-08T16:01:30Z,2025-10-08T16:03:00Z,45.36,2
32763,0 ICO G-1,2025-10-08T16:05:00Z,2025-10-08T16:06:30Z,41.27,2
21222,0 ANIK E2,2025-10-08T16:08:30Z,2025-10-08T16:10:00Z,45.75,2
14050,0 GOES 6,2025-10-08T16:12:00Z,2025-10-08T16:13:30Z,44.03,2
39481,0 TKSAT 1,2025-10-08T16:15:30Z,2025-10-08T16:17:00Z,40.82,2
28702,0 GALAXY 28 (IA 8),2025-10-08T16:19:00Z,2025-10-08T16:20:30Z,41.59,2
35493,0 SIRIUS FM-5,2025-10-08T16:22:30Z,2025-10-08T16:24:00Z,41.5,2
47240,0 XM-7,2025-10-08T16:26:00Z,2025-10-08T16:27:30Z,42.14,2
41904,0 STARONE D1,2025-10-08T16:29:30Z,2025-10-08T16:31:00Z,42.9,2
31307,0 GALAXY 17,2025-10-08T16:33:00Z,2025-10-08T16:34:30Z,43.93,2
23877,0 GALAXY 9,2025-10-08T16:36:30Z,2025-10-08T16:38:00Z,50.59,2
25371,0 INTELSAT 805,2025-10-08T16:40:00Z,2025-10-08T16:41:30Z,47.55,2
40664,0 SKY MEXICO-1,2025-10-08T16:43:30Z,2025-10-08T16:45:00Z,45.88,2
36397,0 INTELSAT 16,2025-10-08T16:47:00Z,2025-10-08T16:48:30Z,47.23,2
28132,0 AMOS 2,2025-10-08T16:50:30Z,2025-10-08T16:52:00Z,52.69,2
60133,0 GOES 19,2025-10-08T16:54:00Z,2025-10-08T16:55:30Z,47.75,2
38991,0 STARONE C3,2025-10-08T16:57:30Z,2025-10-08T16:59:00Z,47.77,2
42692,0 SGDC,2025-10-08T17:01:00Z,2025-10-08T17:02:30Z,47.9,2
12472,0 GOES 5,2025-10-08T17:04:30Z,2025-10-08T17:06:00Z,47.22,2
37237,0 HYLAS 1,2025-10-08T17:08:00Z,2025-10-08T17:09:30Z,51.65,2
25049,0 SIRIUS 2 (GE-1E),2025-10-08T17:11:30Z,2025-10-08T17:13:00Z,58.68,2
32388,0 HORIZONS 2,2025-10-08T17:15:00Z,2025-10-08T17:16:30Z,50.16,2
13652,0 ANIK C3 (TELESAT-5),2025-10-08T17:18:30Z,2025-10-08T17:20:00Z,50.56,2
21893,0 SUPERBIRD B1,2025-10-08T17:22:00Z,2025-10-08T17:23:30Z,59.56,2
49055,0 STARONE D2,2025-10-08T17:25:30Z,2025-10-08T17:27:00Z,49.75,2
42432,0 SES 10,2025-10-08T17:29:00Z,2025-10-08T17:30:30Z,50.76,2
37602,0 TELSTAR 14R,2025-10-08T17:32:30Z,2025-10-08T17:34:00Z,51.5,2
41592,0 ECHOSTAR 18,2025-10-08T17:36:00Z,2025-10-08T17:37:30Z,51.7,2
55508,0 AMAZONAS NEXUS,2025-10-08T17:39:30Z,2025-10-08T17:41:00Z,51.76,2
42934,0 AMAZONAS 5,2025-10-08T17:43:00Z,2025-10-08T17:44:30Z,51.73,2
39078,0 AMAZONAS 3,2025-10-08T17:46:30Z,2025-10-08T17:48:00Z,51.72,2
35942,0 AMAZONAS 2,2025-10-08T17:50:00Z,2025-10-08T17:51:30Z,53.03,2
24674,0 INMARSAT 3-F3,2025-10-08T17:53:30Z,2025-10-08T17:55:00Z,62.1,2
22314,0 TDRS 6,2025-10-08T17:57:00Z,2025-10-08T17:58:30Z,50.37,2
26880,0 USA 159,2025-10-08T18:00:30Z,2025-10-08T18:02:00Z,56.32,2
20203,0 USA 44,2025-10-08T18:04:00Z,2025-10-08T18:05:30Z,51.51,2
40874,0 INTELSAT 34,2025-10-08T18:07:30Z,2025-10-08T18:09:00Z,51.84,2
17706,0 AGILA 1 (PALAPA B2P),2025-10-08T18:11:00Z,2025-10-08T18:12:30Z,46.83,2
1317,0 INTELSAT 1-F1,2025-10-08T18:14:30Z,2025-10-08T18:16:00Z,59.06,2
23649,0 JCSAT 3,2025-10-08T18:18:00Z,2025-10-08T18:19:30Z,54.58,2
38867,0 INTELSAT 23,2025-10-08T18:21:30Z,2025-10-08T18:23:00Z,51.85,2
25404,0 CHINASAT 5B (SINOSAT 1),2025-10-08T18:25:00Z,2025-10-08T18:26:30Z,60.37,2
11153,0 ANIK B1 (TELESAT-4),2025-10-08T18:28:30Z,2025-10-08T18:30:00Z,43.26,2
28911,0 INSAT 4A,2025-10-08T18:32:00Z,2025-10-08T18:33:30Z,58.33,2
26900,0 INTELSAT 902,2025-10-08T18:35:30Z,2025-10-08T18:37:00Z,57.89,2
28937,0 HIMAWARI 7,2025-10-08T18:39:00Z,2025-10-08T18:40:30Z,57.49,2
32252,0 OPTUS D2,2025-10-08T18:42:30Z,2025-10-08T18:44:00Z,53.4,2
23426,0 LUCH,2025-10-08T18:46:00Z,2025-10-08T18:47:30Z,41.67,2
13984,0 SATCOM 1R,2025-10-08T18:49:30Z,2025-10-08T18:51:00Z,39.3,2
26639,0 AMC-8 (GE-8),2025-10-08T18:53:00Z,2025-10-08T18:54:30Z,56.53,2
37344,0 ELEKTRO-L,2025-10-08T18:56:30Z,2025-10-08T18:58:00Z,55.94,2
33108,0 COSMOS 2440,2025-10-08T19:00:00Z,2025-10-08T19:01:30Z,57.39,2
27554,0 EUTE 25C (EUTE W5),2025-10-08T19:18:00Z,2025-10-08T19:19:30Z,57.24,2
26089,0 GARUDA 1,2025-10-08T19:36:30Z,2025-10-08T19:38:00Z,56.88,2
12120,0 EKRAN 6,2025-10-08T19:40:00Z,2025-10-08T19:41:30Z,56.45,2
19928,0 RADUGA 23,2025-10-08T19:43:30Z,2025-10-08T19:45:00Z,56.28,2
6437,0 ANIK A2 (TELESAT 2),2025-10-08T19:47:00Z,2025-10-08T19:48:30Z,55.87,2
15561,0 BRAZILSAT 1,2025-10-08T19:50:30Z,2025-10-08T19:52:00Z,55.76,2
32404,0 THURAYA 3,2025-10-08T19:54:00Z,2025-10-08T19:55:30Z,55.58,2
12564,0 EKRAN 7,2025-10-08T19:57:30Z,2025-10-08T19:59:00Z,55.52,2
28194,0 RADUGA 1-7,2025-10-08T20:03:00Z,2025-10-08T20:04:30Z,55.5,2
48618,0 SBIRS GEO 5 (USA 315),2025-10-08T20:06:30Z,2025-10-08T20:08:00Z,55.46,2
25880,0 TELKOM 1,2025-10-08T20:10:00Z,2025-10-08T20:11:30Z,55.36,2
13554,0 EKRAN 9,2025-10-08T20:13:30Z,2025-10-08T20:15:00Z,54.6,2
44204,0 BEIDOU 3 IGSO-1,2025-10-08T20:17:00Z,2025-10-08T20:18:30Z,54.31,2
40887,0 MUOS 4,2025-10-08T20:20:30Z,2025-10-08T20:22:00Z,54.2,2
26107,0 ASIASTAR,2025-10-08T20:24:00Z,2025-10-08T20:25:30Z,54.1,2
9416,0 RADUGA 2,2025-10-08T20:27:30Z,2025-10-08T20:29:00Z,53.96,2
45344,0 BEIDOU 3 G2,2025-10-08T20:31:00Z,2025-10-08T20:32:30Z,53.93,2
47321,0 TIANTONG-1 3,2025-10-08T20:34:30Z,2025-10-08T20:36:00Z,53.91,2
63361,0 TIANLIAN-2 04,2025-10-08T20:38:00Z,2025-10-08T20:39:30Z,53.64,2
23765,0 AFRICASAT 1 (MEASAT 1),2025-10-08T20:41:30Z,2025-10-08T20:43:00Z,53.6,2
39727,0 LUCH 5V,2025-10-08T20:45:00Z,2025-10-08T20:46:30Z,53.5,2
10365,0 EKRAN 2,2025-10-08T20:48:30Z,2025-10-08T20:50:00Z,53.49,2
36590,0 BEIDOU 4,2025-10-08T20:52:00Z,2025-10-08T20:53:30Z,53.32,2
2608,0 ATS 1,2025-10-08T20:55:30Z,2025-10-08T20:57:00Z,53.19,2
23731,0 INSAT 2C,2025-10-08T20:59:00Z,2025-10-08T21:00:30Z,53.18,2
30794,0 SKYNET 5A,2025-10-08T21:02:30Z,2025-10-08T21:04:00Z,53.13,2
11440,0 GORIZONT 2,2025-10-08T21:06:00Z,2025-10-08T21:07:30Z,53.05,2
38953,0 BEIDOU 16,2025-10-08T21:09:30Z,2025-10-08T21:11:00Z,52.9,2
44481,0 AEHF 5 (USA 292),2025-10-08T21:13:00Z,2025-10-08T21:14:30Z,52.44,2
40367,0 FENGYUN 2G,2025-10-08T21:16:30Z,2025-10-08T21:18:00Z,52.31,2
25239,0 NSS 806 (INTELSAT 806),2025-10-08T21:20:00Z,2025-10-08T21:21:30Z,52.31,2
41725,0 TIANTONG-1 1,2025-10-08T21:23:30Z,2025-10-08T21:25:00Z,52.13,2
6380,0 OPS 6063,2025-10-08T21:27:00Z,2025-10-08T21:28:30Z,52.08,2
39020,0 EUTE 70B,2025-10-08T21:30:30Z,2025-10-08T21:32:00Z,51.93,2
41552,0 THAICOM 8,2025-10-08T21:34:00Z,2025-10-08T21:35:30Z,51.91,2
44076,0 TIANLIAN 2-01,2025-10-08T21:37:30Z,2025-10-08T21:39:00Z,51.91,2
44903,0 ELEKTRO-L 3,2025-10-08T21:41:00Z,2025-10-08T21:42:30Z,51.89,2
37749,0 KAZSAT 2,2025-10-08T21:44:30Z,2025-10-08T21:46:00Z,51.87,2
37238,0 INTELSAT 17,2025-10-08T21:48:00Z,2025-10-08T21:49:30Z,51.87,2
44910,0 SJ-20,2025-10-08T21:51:30Z,2025-10-08T21:53:00Z,51.87,2
41747,0 INTELSAT 36,2025-10-08T21:55:00Z,2025-10-08T21:56:30Z,51.87,2
39237,0 AMOS 4,2025-10-08T21:58:30Z,2025-10-08T22:00:00Z,51.87,2
40880,0 GSAT 6,2025-10-08T22:02:00Z,2025-10-08T22:03:30Z,51.87,2
53813,0 CHINASAT 1E,2025-10-08T22:05:30Z,2025-10-08T22:07:00Z,51.86,2
39498,0 GSAT 14,2025-10-08T22:09:00Z,2025-10-08T22:10:30Z,51.86,2
38098,0 INTELSAT 22,2025-10-08T22:12:30Z,2025-10-08T22:14:00Z,51.86,2
43824,0 GSAT 11,2025-10-08T22:16:00Z,2025-10-08T22:17:30Z,51.86,2
38740,0 INTELSAT 20,2025-10-08T22:19:30Z,2025-10-08T22:21:00Z,51.86,2
52903,0 CMS-02,2025-10-08T22:23:00Z,2025-10-08T22:24:30Z,51.85,2
38107,0 APSTAR 7,2025-10-08T22:26:30Z,2025-10-08T22:28:00Z,51.85,2
43867,0 COSMOS 2533,2025-10-08T22:30:00Z,2025-10-08T22:31:30Z,51.85,2
45986,0 EXPRESS 80,2025-10-08T22:33:30Z,2025-10-08T22:35:00Z,51.85,2
47256,0 CMS-01,2025-10-08T22:37:00Z,2025-10-08T22:38:30Z,51.85,2
58990,0 INSAT 3DS,2025-10-08T22:40:30Z,2025-10-08T22:42:00Z,51.85,2
44637,0 TJS-4,2025-10-08T22:44:00Z,2025-10-08T22:45:30Z,51.85,2
39508,0 ABS 2,2025-10-08T22:47:30Z,2025-10-08T22:49:00Z,51.85,2
62028,0 GSAT 20,2025-10-08T22:51:00Z,2025-10-08T22:52:30Z,51.84,2
50319,0 INMARSAT 6-F1,2025-10-08T22:54:30Z,2025-10-08T22:56:00Z,51.84,2
38779,0 GSAT 10,2025-10-08T22:58:00Z,2025-10-08T22:59:30Z,51.84,2
41588,0 ABS 2A,2025-10-08T23:01:30Z,2025-10-08T23:03:00Z,51.84,2
39017,0 CHINASAT 12,2025-10-08T23:05:00Z,2025-10-08T23:06:30Z,51.84,2
39234,0 GSAT 7,2025-10-08T23:08:30Z,2025-10-08T23:10:00Z,51.84,2
41793,0 GSAT 18,2025-10-08T23:12:00Z,2025-10-08T23:13:30Z,51.84,2
45026,0 GSAT 30,2025-10-08T23:15:30Z,2025-10-08T23:17:00Z,51.84,2
36106,0 INTELSAT 15,2025-10-08T23:19:00Z,2025-10-08T23:20:30Z,51.83,2
41121,0 COSMOS 2513,2025-10-08T23:22:30Z,2025-10-08T23:24:00Z,51.83,2
32951,0 GALAXY 18,2025-10-09T13:45:00Z,2025-10-09T13:46:30Z,12.51,3
13069,0 WESTAR 4,2025-10-09T13:48:30Z,2025-10-09T13:50:00Z,20.96,3
24957,0 NSS 5 (INTELSAT 803),2025-10-09T13:52:00Z,2025-10-09T13:53:30Z,20.45,3
28935,0 ECHOSTAR 10,2025-10-09T13:55:30Z,2025-10-09T13:57:00Z,23.27,3
29643,0 WILDBLUE 1,2025-10-09T13:59:00Z,2025-10-09T14:00:30Z,23.08,3
33207,0 ECHOSTAR 11,2025-10-09T14:02:30Z,2025-10-09T14:04:00Z,23.49,3
42070,0 ECHOSTAR 23,2025-10-09T14:06:00Z,2025-10-09T14:07:30Z,23.47,3
28378,0 ANIK F2,2025-10-09T14:09:30Z,2025-10-09T14:11:00Z,23.3,3
15152,0 HIMAWARI 3 (GMS 3),2025-10-09T14:13:00Z,2025-10-09T14:14:30Z,28.35,3
39127,0 ANIK G1,2025-10-09T14:16:30Z,2025-10-09T14:18:00Z,25.61,3
28446,0 AMC-15,2025-10-09T14:20:00Z,2025-10-09T14:21:30Z,27.43,3
19483,0 GSTAR 3,2025-10-09T14:23:30Z,2025-10-09T14:25:00Z,30.75,3
22927,0 TELSTAR 401,2025-10-09T14:27:00Z,2025-10-09T14:28:30Z,30.36,3
5587,0 OPS 9431 (DSCS 2-1),2025-10-09T14:30:30Z,2025-10-09T14:32:00Z,27.91,3
4250,0 SKYNET 1,2025-10-09T14:34:00Z,2025-10-09T14:35:30Z,27.83,3
41866,0 GOES 16,2025-10-09T14:37:30Z,2025-10-09T14:39:00Z,27.76,3
8482,0 OPS 3165,2025-10-09T14:41:00Z,2025-10-09T14:42:30Z,28.16,3
25019,0 USA 134,2025-10-09T14:44:30Z,2025-10-09T14:46:00Z,29.12,3
16649,0 GSTAR 2,2025-10-09T14:48:00Z,2025-10-09T14:49:30Z,31.87,3
27632,0 NIMIQ 2,2025-10-09T14:51:30Z,2025-10-09T14:53:00Z,28.46,3
3029,0 ATS 3,2025-10-09T14:55:00Z,2025-10-09T14:56:30Z,28.27,3
55970,0 SES 18,2025-10-09T14:58:30Z,2025-10-09T15:00:00Z,28.99,3
53960,0 SES 20,2025-10-09T15:02:00Z,2025-10-09T15:03:30Z,29.02,3
37748,0 SES 3,2025-10-09T15:05:30Z,2025-10-09T15:07:00Z,29.35,3
36131,0 DIRECTV 12,2025-10-09T15:09:00Z,2025-10-09T15:10:30Z,29.33,3
23670,0 TELSTAR 4 (TELSTAR 402R),2025-10-09T15:12:30Z,2025-10-09T15:14:00Z,31.39,3
28154,0 AMC-10 (GE-10),2025-10-09T15:16:00Z,2025-10-09T15:17:30Z,30.54,3
38049,0 FENGYUN 2F,2025-10-09T15:19:30Z,2025-10-09T15:21:00Z,30.7,3
44333,0 AT&T T-16,2025-10-09T15:23:00Z,2025-10-09T15:24:30Z,30.8,3
49115,0 TJS-7,2025-10-09T15:26:30Z,2025-10-09T15:28:00Z,31.79,3
29236,0 GALAXY 16,2025-10-09T15:30:00Z,2025-10-09T15:31:30Z,32.21,3
55247,0 LINUSS2,2025-10-09T15:33:30Z,2025-10-09T15:35:00Z,34.73,3
57479,0 JUPITER 3 (ECHOSTAR 24),2025-10-09T15:37:00Z,2025-10-09T15:38:30Z,35.07,3
40271,0 INTELSAT 30,2025-10-09T15:40:30Z,2025-10-09T15:42:00Z,35.23,3
41581,0 INTELSAT 31,2025-10-09T15:44:00Z,2025-10-09T15:45:30Z,35.22,3
55246,0 LINUSS1,2025-10-09T15:47:30Z,2025-10-09T15:49:00Z,40.8,3
43226,0 GOES 17,2025-10-09T15:51:00Z,2025-10-09T15:52:30Z,39.39,3
8746,0 LES 8,2025-10-09T15:54:30Z,2025-10-09T15:56:00Z,41.6,3
56370,0 VIASAT 3-F1,2025-10-09T15:58:00Z,2025-10-09T15:59:30Z,39.63,3
54742,0 GALAXY 36,2025-10-09T16:01:30Z,2025-10-09T16:03:00Z,39.58,3
28626,0 XM-3,2025-10-09T16:05:00Z,2025-10-09T16:06:30Z,41.43,3
36395,0 SDO,2025-10-09T16:08:30Z,2025-10-09T16:10:00Z,37.19,3
24812,0 GALAXY 25 (TELSTAR 5),2025-10-09T16:12:00Z,2025-10-09T16:13:30Z,44.56,3
32018,0 SPACEWAY 3,2025-10-09T16:15:30Z,2025-10-09T16:17:00Z,43.46,3
48838,0 XM-8,2025-10-09T16:19:00Z,2025-10-09T16:20:30Z,42.26,3
19621,0 TDF 1,2025-10-09T16:22:30Z,2025-10-09T16:24:00Z,52.44,3
19484,0 SBS 5,2025-10-09T16:26:00Z,2025-10-09T16:27:30Z,52.94,3
14365,0 GALAXY 2,2025-10-09T16:29:30Z,2025-10-09T16:31:00Z,50.87,3
62455,0 NUVIEW ALPHA,2025-10-09T16:33:00Z,2025-10-09T16:34:30Z,43.49,3
10953,0 GOES 3,2025-10-09T16:36:30Z,2025-10-09T16:38:00Z,43.7,3
40941,0 ARSAT 2,2025-10-09T16:40:00Z,2025-10-09T16:41:30Z,44.66,3
8585,0 CTS,2025-10-09T16:43:30Z,2025-10-09T16:45:00Z,45.95,3
38741,0 HYLAS 2,2025-10-09T16:47:00Z,2025-10-09T16:48:30Z,50.55,3
42740,0 VIASAT 2,2025-10-09T16:50:30Z,2025-10-09T16:52:00Z,49.82,3
41752,0 INSAT 3DR,2025-10-09T18:03:30Z,2025-10-09T18:05:00Z,51.83,3
37606,0 ST 2,2025-10-09T18:58:30Z,2025-10-09T19:00:00Z,51.82,3
39500,0 THAICOM 6,2025-10-09T19:02:00Z,2025-10-09T19:03:30Z,51.82,3
8513,0 RADUGA 1,2025-10-09T19:05:30Z,2025-10-09T19:07:00Z,51.82,3
36108,0 WGS F3 (USA 211),2025-10-09T19:09:00Z,2025-10-09T19:10:30Z,51.81,3
38070,0 WGS F4 (USA 233),2025-10-09T19:12:30Z,2025-10-09T19:14:00Z,51.8,3
37677,0 CHINASAT 10,2025-10-09T19:16:00Z,2025-10-09T19:17:30Z,51.76,3
43491,0 FENGYUN 2H,2025-10-09T19:19:30Z,2025-10-09T19:21:00Z,51.75,3
41911,0 TJS-2,2025-10-09T19:23:00Z,2025-10-09T19:24:30Z,51.75,3
40345,0 YAMAL 401,2025-10-09T19:26:30Z,2025-10-09T19:28:00Z,51.7,3
62876,0 QZS-6,2025-10-09T19:30:00Z,2025-10-09T19:31:30Z,51.7,3
47202,0 LUCAS (JDRS-1),2025-10-09T19:33:30Z,2025-10-09T19:35:00Z,51.64,3
40147,0 MEASAT 3B,2025-10-09T19:37:00Z,2025-10-09T19:38:30Z,51.56,3
52904,0 MEASAT 3D,2025-10-09T19:40:30Z,2025-10-09T19:42:00Z,51.55,3
33051,0 CHINASAT 9,2025-10-09T19:44:00Z,2025-10-09T19:45:30Z,51.42,3
64470,0 CHINASAT-9C,2025-10-09T19:47:30Z,2025-10-09T19:49:00Z,51.42,3
40269,0 IRNSS 1C,2025-10-09T19:51:00Z,2025-10-09T19:52:30Z,51.29,3
29648,0 MEASAT 3,2025-10-09T19:54:30Z,2025-10-09T19:56:00Z,51.27,3
42815,0 GSAT 17,2025-10-09T19:58:00Z,2025-10-09T19:59:30Z,51.2,3
41028,0 GSAT 15,2025-10-09T20:01:30Z,2025-10-09T20:03:00Z,51.18,3
40258,0 LUCH (OLYMP),2025-10-09T20:05:00Z,2025-10-09T20:06:30Z,51.09,3
63157,0 TJS-15,2025-10-09T20:08:30Z,2025-10-09T20:10:00Z,51.04,3
43488,0 SES 12,2025-10-09T20:12:00Z,2025-10-09T20:13:30Z,50.88,3
39460,0 SES 8,2025-10-09T20:15:30Z,2025-10-09T20:17:00Z,50.86,3
23536,0 BRAZILSAT B2,2025-10-09T20:26:30Z,2025-10-09T20:28:00Z,50.79,3
56372,0 GS-1,2025-10-09T20:30:00Z,2025-10-09T20:31:30Z,50.75,3
14134,0 PALAPA B1,2025-10-09T20:33:30Z,2025-10-09T20:35:00Z,50.55,3
45985,0 EXPRESS 103,2025-10-09T20:37:00Z,2025-10-09T20:38:30Z,50.46,3
41745,0 USA 271,2025-10-09T20:40:30Z,2025-10-09T20:42:00Z,50.27,3
42695,0 GSAT 9,2025-10-09T20:44:00Z,2025-10-09T20:45:30Z,50.27,3
9503,0 EKRAN 1,2025-10-09T20:47:30Z,2025-10-09T20:49:00Z,50.22,3
38352,0 CHINASAT 2A,2025-10-09T20:51:00Z,2025-10-09T20:52:30Z,50.22,3
32478,0 EXPRESS AM-33,2025-10-09T20:54:30Z,2025-10-09T20:56:00Z,50.21,3
39157,0 CHINASAT 11,2025-10-09T20:58:00Z,2025-10-09T20:59:30Z,50.06,3
49062,0 CHINASAT 2E,2025-10-09T21:01:30Z,2025-10-09T21:03:00Z,50.02,3
23842,0 ASTRA 1F,2025-10-09T21:05:00Z,2025-10-09T21:06:30Z,49.71,3
26766,0 INTELSAT 10 (PAS 10),2025-10-09T21:08:30Z,2025-10-09T21:10:00Z,49.63,3
26469,0 BRAZILSAT B4,2025-10-09T21:12:00Z,2025-10-09T21:13:30Z,49.41,3
27513,0 INTELSAT 906,2025-10-09T21:15:30Z,2025-10-09T21:17:00Z,49.4,3
35696,0 ASIASAT 5,2025-10-09T21:19:00Z,2025-10-09T21:20:30Z,49.12,3
20410,0 LEASAT 5,2025-10-09T21:22:30Z,2025-10-09T21:24:00Z,48.83,3
49125,0 CHINASAT 9B,2025-10-09T21:26:00Z,2025-10-09T21:27:30Z,48.79,3
28184,0 ABS 4 (MBSAT),2025-10-09T21:29:30Z,2025-10-09T21:31:00Z,48.79,3
28094,0 YAMAL 201,2025-10-09T21:33:00Z,2025-10-09T21:34:30Z,48.74,3
60179,0 CHINASAT-3A,2025-10-09T21:36:30Z,2025-10-09T21:38:00Z,48.7,3
8357,0 COSMOS 775,2025-10-09T21:40:00Z,2025-10-09T21:41:30Z,48.55,3
10987,0 RADUGA 4,2025-10-09T21:43:30Z,2025-10-09T21:45:00Z,48.51,3
20263,0 GORIZONT 19,2025-10-09T21:47:00Z,2025-10-09T21:48:30Z,48.43,3
26590,0 INTELSAT 12 (PAS 12),2025-10-09T21:50:30Z,2025-10-09T21:52:00Z,48.15,3
50002,0 EXPRESS AMU-3,2025-10-09T21:54:00Z,2025-10-09T21:55:30Z,48.07,3
41021,0 CHINASAT 2C,2025-10-09T21:57:30Z,2025-10-09T21:59:00Z,47.97,3
10792,0 YURI (BSE),2025-10-09T22:01:00Z,2025-10-09T22:02:30Z,47.55,3
28463,0 EXPRESS AM-1,2025-10-09T22:04:30Z,2025-10-09T22:06:00Z,47.44,3
48808,0 FENGYUN 4B,2025-10-09T22:08:00Z,2025-10-09T22:09:30Z,47.26,3
22175,0 HELLAS-SAT 1 (DFS 3),2025-10-09T22:11:30Z,2025-10-09T22:13:00Z,47.06,3
40107,0 ASIASAT 8,2025-10-09T22:15:00Z,2025-10-09T22:16:30Z,46.99,3
37933,0 ASIASAT 7,2025-10-09T22:18:30Z,2025-10-09T22:20:00Z,46.92,3
41194,0 GAOFEN 4,2025-10-09T22:22:00Z,2025-10-09T22:23:30Z,46.85,3
11708,0 RADUGA 6,2025-10-09T22:25:30Z,2025-10-09T22:27:00Z,46.77,3
10778,0 INTELSAT 4A-F6,2025-10-09T22:29:00Z,2025-10-09T22:30:30Z,46.67,3
25492,0 SIRIUS 3,2025-10-09T22:32:30Z,2025-10-09T22:34:00Z,46.02,3
44978,0 TJS-5,2025-10-09T22:36:00Z,2025-10-09T22:37:30Z,45.94,3
43587,0 TELKOM-4,2025-10-09T22:39:30Z,2025-10-09T22:41:00Z,45.63,3
40100,0 USA 254,2025-10-09T22:43:00Z,2025-10-09T22:44:30Z,45.59,3
34941,0 SES 7 (PROTOSTAR 2),2025-10-09T22:46:30Z,2025-10-09T22:48:00Z,45.49,3
45807,0 BEIDOU 3 G3,2025-10-09T22:50:00Z,2025-10-09T22:51:30Z,45.47,3
41380,0 SES 9,2025-10-09T22:53:30Z,2025-10-09T22:55:00Z,45.43,3
41586,0 BD-2-G7,2025-10-09T22:57:00Z,2025-10-09T22:58:30Z,45.34,3
27441,0 EXPRESS 4A,2025-10-09T23:00:30Z,2025-10-09T23:02:00Z,45.12,3
42951,0 BSAT-4A,2025-10-09T23:04:00Z,2025-10-09T23:05:30Z,44.63,3
46112,0 BSAT-4B,2025-10-09T23:07:30Z,2025-10-09T23:09:00Z,44.6,3
11648,0 GORIZONT 3,2025-10-09T23:11:00Z,2025-10-09T23:12:30Z,44.6,3
37207,0 BSAT-3B,2025-10-09T23:14:30Z,2025-10-09T23:16:00Z,44.57,3
37776,0 BSAT-3C,2025-10-09T23:18:00Z,2025-10-09T23:19:30Z,44.5,3
41903,0 JCSAT 15,2025-10-09T23:21:30Z,2025-10-09T23:23:00Z,44.43,3
37806,0 COSMOS 2473,2025-10-10T13:45:00Z,2025-10-10T13:46:30Z,30.67,4
22796,0 ACTS,2025-10-10T13:48:30Z,2025-10-10T13:50:00Z,36.66,4
8697,0 MARISAT 1,2025-10-10T13:52:00Z,2025-10-10T13:53:30Z,34.09,4
62457,0 NUVIEW BRAVO,2025-10-10T13:55:30Z,2025-10-10T13:57:00Z,43.39,4
8330,0 INTELSAT 4A-F1,2025-10-10T13:59:00Z,2025-10-10T14:00:30Z,44.23,4
33373,0 NIMIQ 4,2025-10-10T14:02:30Z,2025-10-10T14:04:00Z,44.08,4
42662,0 CHINASAT 16,2025-10-10T20:28:30Z,2025-10-10T20:30:00Z,44.22,4
63075,0 CHINASAT 10R,2025-10-10T20:32:00Z,2025-10-10T20:33:30Z,44.16,4
23415,0 DFH-3 1,2025-10-10T20:35:30Z,2025-10-10T20:37:00Z,43.95,4
50321,0 SHIYAN 12 01 (SY-12 01),2025-10-10T20:42:30Z,2025-10-10T20:44:00Z,43.7,4
31800,0 CHINASAT 6B,2025-10-10T20:46:00Z,2025-10-10T20:47:30Z,43.37,4
29349,0 KOREASAT 5,2025-10-10T20:49:30Z,2025-10-10T20:51:00Z,43.21,4
23435,0 USA 107,2025-10-10T20:53:00Z,2025-10-10T20:54:30Z,42.98,4
58995,0 TELKOMSAT 113BT,2025-10-10T20:56:30Z,2025-10-10T20:58:00Z,42.7,4
42984,0 KOREASAT 5A,2025-10-10T21:00:00Z,2025-10-10T21:01:30Z,42.58,4
8808,0 NATO 3A,2025-10-10T21:03:30Z,2025-10-10T21:05:00Z,41.95,4
12618,0 RADUGA 9,2025-10-10T21:07:00Z,2025-10-10T21:08:30Z,41.69,4
29163,0 THAICOM 5,2025-10-10T21:10:30Z,2025-10-10T21:12:00Z,41.27,4
58253,0 CHINASAT-6E,2025-10-10T21:14:00Z,2025-10-10T21:15:30Z,41.01,4
42691,0 KOREASAT 7,2025-10-10T21:17:30Z,2025-10-10T21:19:00Z,40.8,4
40938,0 BD-20,2025-10-10T21:21:00Z,2025-10-10T21:22:30Z,40.79,4
61910,0 KOREASAT 6A,2025-10-10T21:24:30Z,2025-10-10T21:26:00Z,40.69,4
45920,0 KOREASAT 116,2025-10-10T21:28:00Z,2025-10-10T21:29:30Z,40.59,4
14899,0 STTW-T2,2025-10-10T21:31:30Z,2025-10-10T21:33:00Z,40.54,4
52940,0 WFOV (USA 332),2025-10-10T21:35:00Z,2025-10-10T21:36:30Z,40.32,4
23775,0 GORIZONT 31,2025-10-10T21:38:30Z,2025-10-10T21:40:00Z,40.14,4
46610,0 GAOFEN 13,2025-10-10T21:42:00Z,2025-10-10T21:43:30Z,39.53,4
41944,0 TELKOM 3S,2025-10-10T21:45:30Z,2025-10-10T21:47:00Z,39.37,4
20253,0 FLTSATCOM 8 (USA 46),2025-10-10T21:49:00Z,2025-10-10T21:50:30Z,39.26,4
62006,0 ADS-01,2025-10-10T21:52:30Z,2025-10-10T21:54:00Z,39.13,4
59020,0 TJS-11,2025-10-10T21:56:00Z,2025-10-10T21:57:30Z,38.81,4
43463,0 BANGABANDHUSAT-1,2025-10-10T21:59:30Z,2025-10-10T22:01:00Z,38.6,4
21227,0 SPACENET 4 (ASC 2),2025-10-10T22:03:00Z,2025-10-10T22:04:30Z,38.5,4
28786,0 IPSTAR 1,2025-10-10T22:06:30Z,2025-10-10T22:08:00Z,38.33,4
60606,0 CHINASAT 4A,2025-10-10T22:10:00Z,2025-10-10T22:11:30Z,38.3,4
39199,0 IRNSS R1A,2025-10-10T22:13:30Z,2025-10-10T22:15:00Z,38.22,4
40141,0 ASIASAT 6,2025-10-10T22:17:00Z,2025-10-10T22:18:30Z,38.02,4
19508,0 CS 3B,2025-10-10T22:20:30Z,2025-10-10T22:22:00Z,37.64,4
37256,0 BEIDOU 7,2025-10-10T22:24:00Z,2025-10-10T22:25:30Z,37.26,4
37950,0 AMOS 5,2025-10-10T22:27:30Z,2025-10-10T22:29:00Z,36.98,4
22096,0 SATCOM C4,2025-10-10T22:31:00Z,2025-10-10T22:32:30Z,36.77,4
42942,0 ASIASAT 9,2025-10-10T22:34:30Z,2025-10-10T22:36:00Z,36.44,4
41882,0 FENGYUN 4A,2025-10-10T22:38:00Z,2025-10-10T22:39:30Z,36.23,4
50322,0 SHIYAN 12 02 (SY-12 02),2025-10-10T22:41:30Z,2025-10-10T22:43:00Z,36.21,4
49330,0 SJ-21,2025-10-10T22:45:00Z,2025-10-10T22:46:30Z,35.91,4
62485,0 SJ-25,2025-10-10T22:48:30Z,2025-10-10T22:50:00Z,35.91,4
58582,0 YAOGAN-41,2025-10-10T22:52:00Z,2025-10-10T22:53:30Z,35.64,4
21765,0 INTELSAT 601,2025-10-10T22:55:30Z,2025-10-10T22:57:00Z,35.63,4
4297,0 INTELSAT 3-F6,2025-10-10T22:59:00Z,2025-10-10T23:00:30Z,35.26,4
57624,0 LUDI TANCE-4 01A,2025-10-10T23:02:30Z,2025-10-10T23:04:00Z,35.13,4
38331,0 JCSAT 13,2025-10-10T23:06:00Z,2025-10-10T23:07:30Z,35.04,4
43286,0 IRNSS 1I,2025-10-10T23:09:30Z,2025-10-10T23:11:00Z,34.76,4
36744,0 COMS 1,2025-10-10T23:13:00Z,2025-10-10T23:14:30Z,34.54,4
55686,0 CHINASAT-26,2025-10-10T23:16:30Z,2025-10-10T23:18:00Z,34.22,4
52255,0 CHINASAT 6D,2025-10-10T23:20:00Z,2025-10-10T23:21:30Z,34.2,4
46916,0 TIANTONG-1 2,2025-10-11T21:24:30Z,2025-10-11T21:26:00Z,34.2,5
25258,0 UFO 8 (USA 138),2025-10-11T21:31:00Z,2025-10-11T21:32:30Z,34.01,5
26575,0 USA 153,2025-10-11T21:34:30Z,2025-10-11T21:36:00Z,33.92,5
41748,0 INTELSAT 33E,2025-10-11T21:38:00Z,2025-10-11T21:39:30Z,33.91,5
41469,0 IRNSS 1G,2025-10-11T21:42:30Z,2025-10-11T21:44:00Z,32.73,5
42917,0 QZS-3,2025-10-11T21:46:00Z,2025-10-11T21:47:30Z,32.71,5
14318,0 INSAT 1B,2025-10-11T21:49:30Z,2025-10-11T21:51:00Z,32.16,5
29272,0 JCSAT 10,2025-10-11T21:53:00Z,2025-10-11T21:54:30Z,31.98,5
43432,0 COSMOS 2526,2025-10-11T21:56:30Z,2025-10-11T21:58:00Z,31.91,5
43823,0 GEO-KOMPSAT-2A,2025-10-11T22:00:00Z,2025-10-11T22:01:30Z,31.79,5
45246,0 GEO-KOMPSAT-2B,2025-10-11T22:03:30Z,2025-10-11T22:05:00Z,31.79,5
41034,0 LAOSAT 1,2025-10-11T22:07:00Z,2025-10-11T22:08:30Z,31.61,5
39216,0 INSAT 3D,2025-10-11T22:10:30Z,2025-10-11T22:12:00Z,31.52,5
26372,0 GORIZONT 33,2025-10-11T22:14:00Z,2025-10-11T22:15:30Z,31.31,5
10024,0 INTELSAT 4A-F4,2025-10-11T22:17:30Z,2025-10-11T22:19:00Z,31.2,5
15057,0 RADUGA 15,2025-10-11T22:21:00Z,2025-10-11T22:22:30Z,30.78,5
27775,0 COSMOS 2397,2025-10-11T22:24:30Z,2025-10-11T22:26:00Z,30.73,5
22116,0 HISPASAT 1A,2025-10-11T22:28:00Z,2025-10-11T22:29:30Z,30.51,5
4068,0 ATS 5,2025-10-11T22:31:30Z,2025-10-11T22:33:00Z,30.51,5
43920,0 CHINASAT 2D,2025-10-11T22:35:00Z,2025-10-11T22:36:30Z,30.44,5
49505,0 CHINASAT 1D,2025-10-11T22:38:30Z,2025-10-11T22:40:00Z,30.36,5
19596,0 RADUGA 22,2025-10-11T22:42:00Z,2025-10-11T22:43:30Z,30.18,5
44067,0 CHINASAT 6C,2025-10-11T22:45:30Z,2025-10-11T22:47:00Z,30.0,5
41744,0 USA 270,2025-10-11T22:49:00Z,2025-10-11T22:50:30Z,29.96,5
24652,0 ARABSAT 2B,2025-10-11T22:52:30Z,2025-10-11T22:54:00Z,29.48,5
56759,0 NVS-01,2025-10-11T22:56:00Z,2025-10-11T22:57:30Z,29.12,5
26638,0 ASTRA 2D,2025-10-11T22:59:30Z,2025-10-11T23:01:00Z,29.11,5
29045,0 JCSAT 9,2025-10-11T23:03:00Z,2025-10-11T23:04:30Z,29.06,5
38332,0 VINASAT 2,2025-10-11T23:06:30Z,2025-10-11T23:08:00Z,28.97,5
32767,0 VINASAT 1,2025-10-11T23:10:00Z,2025-10-11T23:11:30Z,28.91,5
35755,0 JCSAT 12,2025-10-11T23:13:30Z,2025-10-11T23:15:00Z,28.82,5
21055,0 ITALSAT 1,2025-10-11T23:17:00Z,2025-10-11T23:18:30Z,27.62,5
45245,0 JCSAT 17,2025-10-11T23:20:30Z,2025-10-11T23:22:00Z,27.41,5
