Rank,NORAD ID,Satellite Name,Station Name,Duration (sec),Duration (min),Start Time (UTC),End Time (UTC),Peak Elevation (deg)
1,634,0 SYNCOM 2 (A 26),hanle,21600,360,2025-10-07T17:24:30Z,2025-10-07T23:24:30Z,71.2
2,1317,0 INTELSAT 1-F1,hanle,17250,287.5,2025-10-07T13:45:00Z,2025-10-07T18:32:30Z,59.06
3,2608,0 ATS 1,hanle,16590,276.5,2025-10-07T18:48:00Z,2025-10-07T23:24:30Z,53.19
4,3029,0 ATS 3,hanle,5310,88.5,2025-10-07T13:45:00Z,2025-10-07T15:13:30Z,28.27
5,4068,0 ATS 5,hanle,5940,99,2025-10-07T21:45:30Z,2025-10-07T23:24:30Z,30.51
6,4250,0 SKYNET 1,hanle,5100,85,2025-10-07T13:45:00Z,2025-10-07T15:10:00Z,27.83
7,4297,0 INTELSAT 3-F6,hanle,7260,121,2025-10-07T21:23:30Z,2025-10-07T23:24:30Z,35.26
8,4353,0 NATO 2A,hanle,3720,62,2025-10-07T13:45:00Z,2025-10-07T14:47:00Z,23.19
9,4902,0 NATO 2B,hanle,4650,77.5,2025-10-07T13:45:00Z,2025-10-07T15:02:30Z,26.33
10,5587,0 OPS 9431 (DSCS 2-1),hanle,5100,85,2025-10-07T13:45:00Z,2025-10-07T15:10:00Z,27.91
11,5588,0 OPS 9432 (DSCS 2-2),hanle,1200,20,2025-10-07T23:04:30Z,2025-10-07T23:24:30Z,14.17
12,5851,0 OPS 1570,hanle,6720,112,2025-10-07T13:45:00Z,2025-10-07T15:37:00Z,33.2
13,6380,0 OPS 6063,hanle,19470,324.5,2025-10-07T18:00:00Z,2025-10-07T23:24:30Z,52.08
14,6437,0 ANIK A2 (TELESAT 2),hanle,17730,295.5,2025-10-07T18:29:00Z,2025-10-07T23:24:30Z,55.87
15,7229,0 COSMOS 637,hanle,8460,141,2025-10-07T13:45:00Z,2025-10-07T16:06:00Z,38.27
16,7250,0 WESTAR 1,hanle,21330,355.5,2025-10-07T13:45:00Z,2025-10-07T19:40:30Z,43.26
17,7544,0 INTELSAT 4-F8,hanle,18960,316,2025-10-07T13:45:00Z,2025-10-07T19:01:00Z,42.99
18,8330,0 INTELSAT 4A-F1,hanle,10530,175.5,2025-10-07T13:45:00Z,2025-10-07T16:40:30Z,44.23
19,8357,0 COSMOS 775,hanle,13620,227,2025-10-07T19:37:30Z,2025-10-07T23:24:30Z,48.55
20,8366,0 GOES 1 (SMS-C),hanle,5970,99.5,2025-10-07T13:45:00Z,2025-10-07T15:24:30Z,31.24
21,8482,0 OPS 3165,hanle,5160,86,2025-10-07T13:45:00Z,2025-10-07T15:11:00Z,28.16
22,8513,0 RADUGA 1,hanle,17010,283.5,2025-10-07T18:41:00Z,2025-10-07T23:24:30Z,51.82
23,8585,0 CTS,hanle,13020,217,2025-10-07T13:45:00Z,2025-10-07T17:22:00Z,45.95
24,8697,0 MARISAT 1,hanle,6570,109.5,2025-10-07T13:45:00Z,2025-10-07T15:34:30Z,34.09
25,8746,0 LES 8,hanle,8820,147,2025-10-07T13:45:00Z,2025-10-07T16:12:00Z,41.6
26,8747,0 LES 9,hanle,8190,136.5,2025-10-07T13:45:00Z,2025-10-07T16:01:30Z,38.76
27,8808,0 NATO 3A,hanle,10230,170.5,2025-10-07T20:34:00Z,2025-10-07T23:24:30Z,41.95
28,9047,0 COMSTAR 2,hanle,1320,22,2025-10-07T13:45:00Z,2025-10-07T14:07:00Z,15.26
29,9416,0 RADUGA 2,hanle,20070,334.5,2025-10-07T17:50:00Z,2025-10-07T23:24:30Z,53.96
30,9503,0 EKRAN 1,hanle,15090,251.5,2025-10-07T19:13:00Z,2025-10-07T23:24:30Z,50.22
31,10024,0 INTELSAT 4A-F4,hanle,6780,113,2025-10-07T21:31:30Z,2025-10-07T23:24:30Z,31.2
32,10143,0 HIMAWARI 1 (GMS 1),hanle,20460,341,2025-10-07T13:45:00Z,2025-10-07T19:26:00Z,43.9
33,10294,0 SIRIO,hanle,20070,334.5,2025-10-07T17:50:00Z,2025-10-07T23:24:30Z,58.67
34,10365,0 EKRAN 2,hanle,18390,306.5,2025-10-07T18:18:00Z,2025-10-07T23:24:30Z,53.49
35,10778,0 INTELSAT 4A-F6,hanle,11940,199,2025-10-07T20:05:30Z,2025-10-07T23:24:30Z,46.67
36,10787,0 OPS 8790,hanle,8190,136.5,2025-10-07T13:45:00Z,2025-10-07T16:01:30Z,39.06
37,10792,0 YURI (BSE),hanle,12990,216.5,2025-10-07T19:48:00Z,2025-10-07T23:24:30Z,47.55
38,10855,0 OTS 2,hanle,20010,333.5,2025-10-07T17:51:00Z,2025-10-07T23:24:30Z,59.92
39,10953,0 GOES 3,hanle,10410,173.5,2025-10-07T13:45:00Z,2025-10-07T16:38:30Z,43.7
40,10981,0 GEOS 2,hanle,9960,166,2025-10-07T13:45:00Z,2025-10-07T16:31:00Z,42.06
41,10987,0 RADUGA 4,hanle,13620,227,2025-10-07T19:37:30Z,2025-10-07T23:24:30Z,48.51
42,11153,0 ANIK B1 (TELESAT-4),hanle,17820,297,2025-10-07T13:45:00Z,2025-10-07T18:42:00Z,43.26
43,11440,0 GORIZONT 2,hanle,16470,274.5,2025-10-07T18:50:00Z,2025-10-07T23:24:30Z,53.05
44,11484,0 WESTAR 3,hanle,5460,91,2025-10-07T21:53:30Z,2025-10-07T23:24:30Z,27.07
45,11648,0 GORIZONT 3,hanle,11700,195,2025-10-07T20:09:30Z,2025-10-07T23:24:30Z,44.6
46,11708,0 RADUGA 6,hanle,12630,210.5,2025-10-07T19:54:00Z,2025-10-07T23:24:30Z,46.77
47,11964,0 GOES 4,hanle,3060,51,2025-10-07T22:33:30Z,2025-10-07T23:24:30Z,19.64
48,12003,0 RADUGA 7,hanle,4350,72.5,2025-10-07T13:45:00Z,2025-10-07T14:57:30Z,26.41
49,12065,0 SBS 1,hanle,5010,83.5,2025-10-07T13:45:00Z,2025-10-07T15:08:30Z,30.36
50,12120,0 EKRAN 6,hanle,19290,321.5,2025-10-07T18:03:00Z,2025-10-07T23:24:30Z,56.45
51,12309,0 ESIAFI 1 (COMSTAR 4),hanle,19560,326,2025-10-07T17:58:30Z,2025-10-07T23:24:30Z,60.64
52,12472,0 GOES 5,hanle,12240,204,2025-10-07T13:45:00Z,2025-10-07T17:09:00Z,47.22
53,12564,0 EKRAN 7,hanle,17940,299,2025-10-07T18:25:30Z,2025-10-07T23:24:30Z,55.52
54,12618,0 RADUGA 9,hanle,10500,175,2025-10-07T20:29:30Z,2025-10-07T23:24:30Z,41.69
55,12677,0 HIMAWARI 2 (GMS 2),hanle,5130,85.5,2025-10-07T13:45:00Z,2025-10-07T15:10:30Z,30.12
56,13035,0 SATCOM 4,hanle,2700,45,2025-10-07T22:39:30Z,2025-10-07T23:24:30Z,18.32
57,13069,0 WESTAR 4,hanle,2730,45.5,2025-10-07T13:45:00Z,2025-10-07T14:30:30Z,20.96
58,13269,0 WESTAR 5,hanle,450,7.5,2025-10-07T13:45:00Z,2025-10-07T13:52:30Z,11.76
59,13431,0 ANIK D1 (TELESAT 6),hanle,660,11,2025-10-07T13:45:00Z,2025-10-07T13:56:00Z,12.62
60,13554,0 EKRAN 9,hanle,16170,269.5,2025-10-07T18:55:00Z,2025-10-07T23:24:30Z,54.6
61,13631,0 SATCOM C5,hanle,5370,89.5,2025-10-07T13:45:00Z,2025-10-07T15:14:30Z,32.3
62,13652,0 ANIK C3 (TELESAT-5),hanle,12990,216.5,2025-10-07T13:45:00Z,2025-10-07T17:21:30Z,50.56
63,13974,0 RADUGA 12,hanle,18360,306,2025-10-07T18:18:30Z,2025-10-07T23:24:30Z,58.45
64,13984,0 SATCOM 1R,hanle,20970,349.5,2025-10-07T13:45:00Z,2025-10-07T19:34:30Z,39.3
65,14050,0 GOES 6,hanle,9090,151.5,2025-10-07T13:45:00Z,2025-10-07T16:16:30Z,44.03
66,14134,0 PALAPA B1,hanle,12600,210,2025-10-07T19:54:30Z,2025-10-07T23:24:30Z,50.55
67,14234,0 ARABSAT 1DR (TELSTAR 3A),hanle,10590,176.5,2025-10-07T13:45:00Z,2025-10-07T16:41:30Z,51.63
68,14318,0 INSAT 1B,hanle,7050,117.5,2025-10-07T21:27:00Z,2025-10-07T23:24:30Z,32.16
69,14328,0 SATCOM 2R,hanle,4170,69.5,2025-10-07T13:45:00Z,2025-10-07T14:54:30Z,26.88
70,14365,0 GALAXY 2,hanle,10260,171,2025-10-07T13:45:00Z,2025-10-07T16:36:00Z,50.87
71,14659,0 YURI 2A (BS-2A),hanle,5400,90,2025-10-07T13:45:00Z,2025-10-07T15:15:00Z,32.38
72,14783,0 COSMOS 1540,hanle,21420,357,2025-10-07T17:27:30Z,2025-10-07T23:24:30Z,62.22
73,14867,0 COSMOS 1546,hanle,18810,313.5,2025-10-07T18:11:00Z,2025-10-07T23:24:30Z,59.89
74,14899,0 STTW-T2,hanle,9780,163,2025-10-07T20:41:30Z,2025-10-07T23:24:30Z,40.54
75,14985,0 CHINASAT 5 (SPACENET 1),hanle,16890,281.5,2025-10-07T18:43:00Z,2025-10-07T23:24:30Z,67.23
76,15057,0 RADUGA 15,hanle,6690,111.5,2025-10-07T21:33:00Z,2025-10-07T23:24:30Z,30.78
77,15144,0 GORIZONT 10,hanle,7170,119.5,2025-10-07T13:45:00Z,2025-10-07T15:44:30Z,37.57
78,15152,0 HIMAWARI 3 (GMS 3),hanle,4470,74.5,2025-10-07T13:45:00Z,2025-10-07T14:59:30Z,28.35
79,15237,0 TELSTAR 302,hanle,20880,348,2025-10-07T17:36:30Z,2025-10-07T23:24:30Z,67.17
80,15308,0 GALAXY 3,hanle,19470,324.5,2025-10-07T18:00:00Z,2025-10-07T23:24:30Z,68.24
81,15385,0 SPACENET 2,hanle,16080,268,2025-10-07T13:45:00Z,2025-10-07T18:13:00Z,49.51
82,15560,0 ARABSAT 1A,hanle,3390,56.5,2025-10-07T22:28:00Z,2025-10-07T23:24:30Z,20.53
83,15561,0 BRAZILSAT 1,hanle,13380,223,2025-10-07T19:41:30Z,2025-10-07T23:24:30Z,55.76
84,15677,0 GSTAR 1,hanle,6180,103,2025-10-07T13:45:00Z,2025-10-07T15:28:00Z,35.78
85,15873,0 INTELSAT 511,hanle,12090,201.5,2025-10-07T13:45:00Z,2025-10-07T17:06:30Z,52.01
86,15993,0 OPTUS A1 (AUSSAT 1),hanle,3360,56,2025-10-07T13:45:00Z,2025-10-07T14:41:00Z,23.54
87,15994,0 ASC 1,hanle,1620,27,2025-10-07T13:45:00Z,2025-10-07T14:12:00Z,16.17
88,16116,0 USA 11,hanle,8700,145,2025-10-07T13:45:00Z,2025-10-07T16:10:00Z,47.12
89,16276,0 SATCOM K2,hanle,510,8.5,2025-10-07T23:16:00Z,2025-10-07T23:24:30Z,11.65
90,16482,0 SATCOM K1,hanle,3780,63,2025-10-07T13:45:00Z,2025-10-07T14:48:00Z,24.91
91,16526,0 STTW-1,hanle,15540,259,2025-10-07T19:05:30Z,2025-10-07T23:24:30Z,57.94
92,16649,0 GSTAR 2,hanle,5280,88,2025-10-07T13:45:00Z,2025-10-07T15:13:00Z,31.87
93,17561,0 GOES 7,hanle,21540,359,2025-10-07T17:25:30Z,2025-10-07T23:24:30Z,66.28
94,17706,0 AGILA 1 (PALAPA B2P),hanle,16860,281,2025-10-07T13:45:00Z,2025-10-07T18:26:00Z,46.83
95,18384,0 COSMOS 1888,hanle,4020,67,2025-10-07T22:17:30Z,2025-10-07T23:24:30Z,22.53
96,19073,0 COSMOS 1940,hanle,3360,56,2025-10-07T22:28:30Z,2025-10-07T23:24:30Z,20.36
97,19330,0 INSAT 1C,hanle,16590,276.5,2025-10-07T18:48:00Z,2025-10-07T23:24:30Z,61.13
98,19344,0 COSMOS 1961,hanle,19950,332.5,2025-10-07T17:52:00Z,2025-10-07T23:24:30Z,65.17
99,19397,0 GORIZONT 16,hanle,480,8,2025-10-07T23:16:30Z,2025-10-07T23:24:30Z,11.56
100,19483,0 GSTAR 3,hanle,5040,84,2025-10-07T13:45:00Z,2025-10-07T15:09:00Z,30.75
101,19484,0 SBS 5,hanle,10200,170,2025-10-07T13:45:00Z,2025-10-07T16:35:00Z,52.94
102,19508,0 CS 3B,hanle,8280,138,2025-10-07T21:06:30Z,2025-10-07T23:24:30Z,37.64
103,19548,0 TDRS 3,hanle,15900,265,2025-10-07T13:45:00Z,2025-10-07T18:10:00Z,48.1
104,19596,0 RADUGA 22,hanle,6390,106.5,2025-10-07T21:38:00Z,2025-10-07T23:24:30Z,30.18
105,19621,0 TDF 1,hanle,10140,169,2025-10-07T13:45:00Z,2025-10-07T16:34:00Z,52.44
106,19710,0 STTW-3,hanle,13920,232,2025-10-07T19:32:30Z,2025-10-07T23:24:30Z,57.55
107,19765,0 GORIZONT 17,hanle,5010,83.5,2025-10-07T13:45:00Z,2025-10-07T15:08:30Z,30.87
108,19772,0 INTELSAT 515,hanle,21420,357,2025-10-07T17:27:30Z,2025-10-07T23:24:30Z,64.62
109,19928,0 RADUGA 23,hanle,14340,239,2025-10-07T19:25:30Z,2025-10-07T23:24:30Z,56.28
110,20040,0 SUPERBIRD A,hanle,15690,261.5,2025-10-07T13:45:00Z,2025-10-07T18:06:30Z,46.68
111,20168,0 TVSAT 2,hanle,2370,39.5,2025-10-07T13:45:00Z,2025-10-07T14:24:30Z,18.87
112,20193,0 SIRIUS W (MARCOPOLO 1),hanle,21540,359,2025-10-07T17:25:30Z,2025-10-07T23:24:30Z,62.31
113,20203,0 USA 44,hanle,16710,278.5,2025-10-07T13:45:00Z,2025-10-07T18:23:30Z,51.51
114,20253,0 FLTSATCOM 8 (USA 46),hanle,8760,146,2025-10-07T20:58:30Z,2025-10-07T23:24:30Z,39.26
115,20263,0 GORIZONT 19,hanle,11820,197,2025-10-07T20:07:30Z,2025-10-07T23:24:30Z,48.43
116,20410,0 LEASAT 5,hanle,11280,188,2025-10-07T20:16:30Z,2025-10-07T23:24:30Z,48.83
117,20499,0 RADUGA 25,hanle,20880,348,2025-10-07T13:45:00Z,2025-10-07T19:33:00Z,39.87
118,20523,0 INTELSAT 603,hanle,8580,143,2025-10-07T13:45:00Z,2025-10-07T16:08:00Z,45.36
119,20558,0 ASIASAT 1,hanle,18240,304,2025-10-07T18:20:30Z,2025-10-07T23:24:30Z,68.81
120,20643,0 INSAT 1D,hanle,19710,328.5,2025-10-07T17:56:00Z,2025-10-07T23:24:30Z,67.76
121,20693,0 COSMOS 2085,hanle,19170,319.5,2025-10-07T18:05:00Z,2025-10-07T23:24:30Z,66.42
122,20762,0 THOR 1 (MARCOPOLO 2),hanle,5790,96.5,2025-10-07T13:45:00Z,2025-10-07T15:21:30Z,32.79
123,20777,0 EUTE 2-F1,hanle,21000,350,2025-10-07T17:34:30Z,2025-10-07T23:24:30Z,64.54
124,20873,0 GALAXY 6,hanle,1920,32,2025-10-07T22:52:30Z,2025-10-07T23:24:30Z,16.25
125,20923,0 GORIZONT 21,hanle,2310,38.5,2025-10-07T22:46:00Z,2025-10-07T23:24:30Z,17.2
126,20946,0 GSTAR 4,hanle,19770,329.5,2025-10-07T17:55:00Z,2025-10-07T23:24:30Z,63.48
127,20953,0 GORIZONT 22,hanle,14520,242,2025-10-07T19:22:30Z,2025-10-07T23:24:30Z,57.91
128,21016,0 RADUGA 26,hanle,16980,283,2025-10-07T18:41:30Z,2025-10-07T23:24:30Z,64.47
129,21038,0 RADUGA 1-2,hanle,15840,264,2025-10-07T19:00:30Z,2025-10-07T23:24:30Z,61.96
130,21055,0 ITALSAT 1,hanle,5460,91,2025-10-07T21:53:30Z,2025-10-07T23:24:30Z,27.62
131,21111,0 COSMOS 2133,hanle,19710,328.5,2025-10-07T17:56:00Z,2025-10-07T23:24:30Z,67.28
132,21222,0 ANIK E2,hanle,8700,145,2025-10-07T13:45:00Z,2025-10-07T16:10:00Z,45.75
133,21227,0 SPACENET 4 (ASC 2),hanle,8130,135.5,2025-10-07T21:09:00Z,2025-10-07T23:24:30Z,38.5
134,21392,0 AURORA 2,hanle,5130,85.5,2025-10-07T13:45:00Z,2025-10-07T15:10:30Z,29.96
135,21653,0 INTELSAT 605,hanle,4140,69,2025-10-07T13:45:00Z,2025-10-07T14:54:00Z,25.25
136,21702,0 COSMOS 2155,hanle,11010,183.5,2025-10-07T13:45:00Z,2025-10-07T16:48:30Z,51.4
137,21765,0 INTELSAT 601,hanle,7320,122,2025-10-07T21:22:30Z,2025-10-07T23:24:30Z,35.63
138,21805,0 USA 75,hanle,9210,153.5,2025-10-07T13:45:00Z,2025-10-07T16:18:30Z,48.74
139,21873,0 USA 78,hanle,18000,300,2025-10-07T18:24:30Z,2025-10-07T23:24:30Z,68.49
140,21893,0 SUPERBIRD B1,hanle,13260,221,2025-10-07T13:45:00Z,2025-10-07T17:26:00Z,59.56
141,21906,0 GALAXY 5,hanle,16530,275.5,2025-10-07T18:49:00Z,2025-10-07T23:24:30Z,66.43
142,21922,0 GORIZONT 25,hanle,17190,286.5,2025-10-07T18:38:00Z,2025-10-07T23:24:30Z,66.09
143,22028,0 EUTE 2-F4,hanle,14550,242.5,2025-10-07T19:22:00Z,2025-10-07T23:24:30Z,63.96
144,22087,0 OPTUS B1 (AUSSAT B1),hanle,2880,48,2025-10-07T13:45:00Z,2025-10-07T14:33:00Z,20.26
145,22096,0 SATCOM C4,hanle,7590,126.5,2025-10-07T21:18:00Z,2025-10-07T23:24:30Z,36.77
146,22116,0 HISPASAT 1A,hanle,6060,101,2025-10-07T21:43:30Z,2025-10-07T23:24:30Z,30.51
147,22175,0 HELLAS-SAT 1 (DFS 3),hanle,10470,174.5,2025-10-07T20:30:00Z,2025-10-07T23:24:30Z,47.06
148,22205,0 GALAXY 7,hanle,9540,159,2025-10-07T13:45:00Z,2025-10-07T16:24:00Z,50.17
149,22210,0 EKRAN 20,hanle,21420,357,2025-10-07T17:27:30Z,2025-10-07T23:24:30Z,66.22
150,22245,0 GORIZONT 27,hanle,17250,287.5,2025-10-07T18:37:00Z,2025-10-07T23:24:30Z,66.51
151,22253,0 SUPERBIRD A1,hanle,510,8.5,2025-10-07T13:45:00Z,2025-10-07T13:53:30Z,11.84
152,22314,0 TDRS 6,hanle,16560,276,2025-10-07T13:45:00Z,2025-10-07T18:21:00Z,50.37
153,22694,0 HGS 4 (GALAXY 4),hanle,18750,312.5,2025-10-07T18:12:00Z,2025-10-07T23:24:30Z,68.46
154,22723,0 HISPASAT 1B,hanle,18390,306.5,2025-10-07T18:18:00Z,2025-10-07T23:24:30Z,65.15
155,22796,0 ACTS,hanle,6510,108.5,2025-10-07T13:45:00Z,2025-10-07T15:33:30Z,36.66
156,22836,0 RADUGA 30,hanle,19620,327,2025-10-07T17:57:30Z,2025-10-07T23:24:30Z,67.98
157,22871,0 INTELSAT 701,hanle,11250,187.5,2025-10-07T13:45:00Z,2025-10-07T16:52:30Z,52.33
158,22911,0 SOLIDARIDAD 1,hanle,5820,97,2025-10-07T13:45:00Z,2025-10-07T15:22:00Z,33.09
159,22927,0 TELSTAR 401,hanle,5040,84,2025-10-07T13:45:00Z,2025-10-07T15:09:00Z,30.36
160,22931,0 THAICOM 1,hanle,15240,254,2025-10-07T13:45:00Z,2025-10-07T17:59:00Z,62.53
161,22988,0 USA 99,hanle,10380,173,2025-10-07T13:45:00Z,2025-10-07T16:38:00Z,52.35
162,23010,0 RADUGA 31,hanle,14130,235.5,2025-10-07T19:29:00Z,2025-10-07T23:24:30Z,58.67
163,23176,0 BS-3N,hanle,2040,34,2025-10-07T13:45:00Z,2025-10-07T14:19:00Z,17.17
164,23199,0 BRAZILSAT B1,hanle,12480,208,2025-10-07T19:56:30Z,2025-10-07T23:24:30Z,57.7
165,23200,0 TURKSAT 1B,hanle,18240,304,2025-10-07T18:20:30Z,2025-10-07T23:24:30Z,64.57
166,23327,0 ELEKTRO (GOMS),hanle,20640,344,2025-10-07T17:40:30Z,2025-10-07T23:24:30Z,67.22
167,23415,0 DFH-3 1,hanle,10290,171.5,2025-10-07T20:33:00Z,2025-10-07T23:24:30Z,43.95
168,23426,0 LUCH,hanle,20220,337,2025-10-07T13:45:00Z,2025-10-07T19:22:00Z,41.67
169,23435,0 USA 107,hanle,9660,161,2025-10-07T20:43:30Z,2025-10-07T23:24:30Z,42.98
170,23448,0 RADUGA 32,hanle,19560,326,2025-10-07T17:58:30Z,2025-10-07T23:24:30Z,68.01
171,23522,0 HIMAWARI 5 (GMS 5),hanle,13860,231,2025-10-07T19:33:30Z,2025-10-07T23:24:30Z,60.82
172,23536,0 BRAZILSAT B2,hanle,10680,178,2025-10-07T20:26:30Z,2025-10-07T23:24:30Z,50.79
173,23537,0 HOT BIRD 1,hanle,1380,23,2025-10-07T13:45:00Z,2025-10-07T14:08:00Z,14.78
174,23613,0 TDRS 7,hanle,17100,285,2025-10-07T18:39:30Z,2025-10-07T23:24:30Z,66.48
175,23639,0 KOREASAT 1,hanle,960,16,2025-10-07T23:08:30Z,2025-10-07T23:24:30Z,13.06
176,23649,0 JCSAT 3,hanle,17370,289.5,2025-10-07T13:45:00Z,2025-10-07T18:34:30Z,54.58
177,23653,0 COSMOS 2319,hanle,3630,60.5,2025-10-07T22:24:00Z,2025-10-07T23:24:30Z,21.58
178,23670,0 TELSTAR 4 (TELSTAR 402R),hanle,5610,93.5,2025-10-07T13:45:00Z,2025-10-07T15:18:30Z,31.39
179,23680,0 LUCH 1,hanle,18750,312.5,2025-10-07T18:12:00Z,2025-10-07T23:24:30Z,68.55
180,23712,0 USA 115,hanle,3570,59.5,2025-10-07T13:45:00Z,2025-10-07T14:44:30Z,23.29
181,23731,0 INSAT 2C,hanle,11910,198.5,2025-10-07T20:06:00Z,2025-10-07T23:24:30Z,53.18
182,23765,0 AFRICASAT 1 (MEASAT 1),hanle,21300,355,2025-10-07T17:29:30Z,2025-10-07T23:24:30Z,53.6
183,23775,0 GORIZONT 31,hanle,8970,149.5,2025-10-07T20:55:00Z,2025-10-07T23:24:30Z,40.14
184,23842,0 ASTRA 1F,hanle,20430,340.5,2025-10-07T17:44:00Z,2025-10-07T23:24:30Z,49.71
185,23877,0 GALAXY 9,hanle,10410,173.5,2025-10-07T13:45:00Z,2025-10-07T16:38:30Z,50.59
186,23948,0 ARABSAT 2A,hanle,8940,149,2025-10-07T13:45:00Z,2025-10-07T16:14:00Z,47.09
187,24652,0 ARABSAT 2B,hanle,5280,88,2025-10-07T21:56:30Z,2025-10-07T23:24:30Z,29.48
188,24674,0 INMARSAT 3-F3,hanle,16350,272.5,2025-10-07T13:45:00Z,2025-10-07T18:17:30Z,62.1
189,24714,0 NAHUEL 1A,hanle,4050,67.5,2025-10-07T22:17:00Z,2025-10-07T23:24:30Z,23.99
190,24748,0 DIRECTV 6 (TEMPO 2),hanle,20070,334.5,2025-10-07T13:45:00Z,2025-10-07T19:19:30Z,49.71
191,24769,0 BSAT-1A,hanle,3720,62,2025-10-07T22:22:30Z,2025-10-07T23:24:30Z,23.2
192,24798,0 DFH-3 2,hanle,13770,229.5,2025-10-07T19:35:00Z,2025-10-07T23:24:30Z,61.05
193,24812,0 GALAXY 25 (TELSTAR 5),hanle,9810,163.5,2025-10-07T13:45:00Z,2025-10-07T16:28:30Z,44.56
194,24916,0 INTELSAT 5 (PAS 5),hanle,18420,307,2025-10-07T13:45:00Z,2025-10-07T18:52:00Z,59.54
195,24936,0 AMC-3 (GE-3),hanle,13740,229,2025-10-07T13:45:00Z,2025-10-07T17:34:00Z,56.92
196,24957,0 NSS 5 (INTELSAT 803),hanle,3000,50,2025-10-07T13:45:00Z,2025-10-07T14:35:00Z,20.45
197,25019,0 USA 134,hanle,5190,86.5,2025-10-07T13:45:00Z,2025-10-07T15:11:30Z,29.12
198,25045,0 KUPON,hanle,19410,323.5,2025-10-07T18:01:00Z,2025-10-07T23:24:30Z,67.97
199,25049,0 SIRIUS 2 (GE-1E),hanle,12600,210,2025-10-07T13:45:00Z,2025-10-07T17:15:00Z,58.68
200,25126,0 HGS 1 (ASIASAT 3),hanle,12540,209,2025-10-07T13:45:00Z,2025-10-07T17:14:00Z,59.17
201,25152,0 BRAZILSAT B3,hanle,16590,276.5,2025-10-07T18:48:00Z,2025-10-07T23:24:30Z,58.45
202,25153,0 INMARSAT 3-F5,hanle,17100,285,2025-10-07T13:45:00Z,2025-10-07T18:30:00Z,61.2
203,25239,0 NSS 806 (INTELSAT 806),hanle,11970,199.5,2025-10-07T20:05:00Z,2025-10-07T23:24:30Z,52.31
204,25258,0 UFO 8 (USA 138),hanle,6810,113.5,2025-10-07T21:31:00Z,2025-10-07T23:24:30Z,34.01
205,25312,0 BSAT-1B,hanle,17760,296,2025-10-07T13:45:00Z,2025-10-07T18:41:00Z,60.46
206,25315,0 COSMOS 2350,hanle,19890,331.5,2025-10-07T17:53:00Z,2025-10-07T23:24:30Z,64.83
207,25371,0 INTELSAT 805,hanle,10650,177.5,2025-10-07T13:45:00Z,2025-10-07T16:42:30Z,47.55
208,25404,0 CHINASAT 5B (SINOSAT 1),hanle,17670,294.5,2025-10-07T13:45:00Z,2025-10-07T18:39:30Z,60.37
209,25492,0 SIRIUS 3,hanle,9510,158.5,2025-10-07T20:46:00Z,2025-10-07T23:24:30Z,46.02
210,25546,0 BONUM 1,hanle,12720,212,2025-10-07T19:52:30Z,2025-10-07T23:24:30Z,58.07
211,25638,0 ARABSAT 3A,hanle,17340,289,2025-10-07T13:45:00Z,2025-10-07T18:34:00Z,58.89
212,25642,0 RADUGA 1-4,hanle,15090,251.5,2025-10-07T19:13:00Z,2025-10-07T23:24:30Z,65.29
213,25880,0 TELKOM 1,hanle,15360,256,2025-10-07T19:08:30Z,2025-10-07T23:24:30Z,55.36
214,26052,0 USA 148,hanle,16530,275.5,2025-10-07T13:45:00Z,2025-10-07T18:20:30Z,60.26
215,26056,0 GALAXY 10R,hanle,10170,169.5,2025-10-07T13:45:00Z,2025-10-07T16:34:30Z,49.7
216,26089,0 GARUDA 1,hanle,13680,228,2025-10-07T19:36:30Z,2025-10-07T23:24:30Z,56.88
217,26107,0 ASIASTAR,hanle,11940,199,2025-10-07T20:05:30Z,2025-10-07T23:24:30Z,54.1
218,26372,0 GORIZONT 33,hanle,6360,106,2025-10-07T21:38:30Z,2025-10-07T23:24:30Z,31.31
219,26382,0 FENGYUN 2B,hanle,4920,82,2025-10-07T22:02:30Z,2025-10-07T23:24:30Z,26.59
220,26388,0 TDRS 8,hanle,16350,272.5,2025-10-07T18:52:00Z,2025-10-07T23:24:30Z,63.81
221,26394,0 COSMOS 2371,hanle,18390,306.5,2025-10-07T18:18:00Z,2025-10-07T23:24:30Z,66.57
222,26469,0 BRAZILSAT B4,hanle,10260,171,2025-10-07T20:33:30Z,2025-10-07T23:24:30Z,49.41
223,26477,0 RADUGA 1-5,hanle,14730,245.5,2025-10-07T19:19:00Z,2025-10-07T23:24:30Z,63.97
224,26559,0 NSAT 110,hanle,360,6,2025-10-07T23:18:30Z,2025-10-07T23:24:30Z,11.31
225,26575,0 USA 153,hanle,6630,110.5,2025-10-07T21:34:00Z,2025-10-07T23:24:30Z,33.92
226,26590,0 INTELSAT 12 (PAS 12),hanle,21360,356,2025-10-07T17:28:30Z,2025-10-07T23:24:30Z,48.15
227,26638,0 ASTRA 2D,hanle,5160,86,2025-10-07T21:58:30Z,2025-10-07T23:24:30Z,29.11
228,26639,0 AMC-8 (GE-8),hanle,21060,351,2025-10-07T13:45:00Z,2025-10-07T19:36:00Z,56.53
229,26695,0 SKYNET 4F,hanle,20970,349.5,2025-10-07T17:35:00Z,2025-10-07T23:24:30Z,57.43
230,26724,0 XM-2,hanle,13320,222,2025-10-07T19:42:30Z,2025-10-07T23:24:30Z,57.46
231,26766,0 INTELSAT 10 (PAS 10),hanle,20520,342,2025-10-07T17:42:30Z,2025-10-07T23:24:30Z,49.63
232,26853,0 ASTRA 2C,hanle,7230,120.5,2025-10-07T13:45:00Z,2025-10-07T15:45:30Z,35.54
233,26880,0 USA 159,hanle,16650,277.5,2025-10-07T13:45:00Z,2025-10-07T18:22:30Z,56.32
234,26892,0 COSMOS 2379,hanle,17940,299,2025-10-07T18:25:30Z,2025-10-07T23:24:30Z,65.26
235,26900,0 INTELSAT 902,hanle,18270,304.5,2025-10-07T13:45:00Z,2025-10-07T18:49:30Z,57.89
236,27400,0 ASTRA 3A,hanle,15000,250,2025-10-07T19:14:30Z,2025-10-07T23:24:30Z,60.19
237,27426,0 DIRECTV 5 (TEMPO 1),hanle,4320,72,2025-10-07T13:45:00Z,2025-10-07T14:57:00Z,24.81
238,27441,0 EXPRESS 4A,hanle,9270,154.5,2025-10-07T20:50:00Z,2025-10-07T23:24:30Z,45.12
239,27445,0 GALAXY 3C,hanle,7950,132.5,2025-10-07T13:45:00Z,2025-10-07T15:57:30Z,37.16
240,27513,0 INTELSAT 906,hanle,20760,346,2025-10-07T17:38:30Z,2025-10-07T23:24:30Z,49.4
241,27516,0 DRTS,hanle,3660,61,2025-10-07T22:23:30Z,2025-10-07T23:24:30Z,23
242,27554,0 EUTE 25C (EUTE W5),hanle,14790,246.5,2025-10-07T19:18:00Z,2025-10-07T23:24:30Z,57.24
243,27632,0 NIMIQ 2,hanle,5310,88.5,2025-10-07T13:45:00Z,2025-10-07T15:13:30Z,28.46
244,27691,0 USA 167,hanle,2310,38.5,2025-10-07T13:45:00Z,2025-10-07T14:23:30Z,17.96
245,27711,0 USA 169,hanle,1920,32,2025-10-07T22:52:30Z,2025-10-07T23:24:30Z,16.49
246,27718,0 ASIASAT 4,hanle,2310,38.5,2025-10-07T22:46:00Z,2025-10-07T23:24:30Z,18.49
247,27775,0 COSMOS 2397,hanle,6000,100,2025-10-07T21:44:30Z,2025-10-07T23:24:30Z,30.73
248,27807,0 GSAT 2,hanle,19260,321,2025-10-07T13:45:00Z,2025-10-07T19:06:00Z,56.94
249,27820,0 AMC-9 (GE-12),hanle,3630,60.5,2025-10-07T13:45:00Z,2025-10-07T14:45:30Z,22.55
250,27831,0 OPTUS C1,hanle,750,12.5,2025-10-07T23:12:00Z,2025-10-07T23:24:30Z,12.72
251,27951,0 INSAT 3E,hanle,1410,23.5,2025-10-07T23:01:00Z,2025-10-07T23:24:30Z,14.98
252,28094,0 YAMAL 201,hanle,21510,358.5,2025-10-07T17:26:00Z,2025-10-07T23:24:30Z,48.74
253,28117,0 UFO 11 (USA 174),hanle,18180,303,2025-10-07T18:21:30Z,2025-10-07T23:24:30Z,58.07
254,28132,0 AMOS 2,hanle,12030,200.5,2025-10-07T13:45:00Z,2025-10-07T17:05:30Z,52.69
255,28154,0 AMC-10 (GE-10),hanle,5880,98,2025-10-07T13:45:00Z,2025-10-07T15:23:00Z,30.54
256,28158,0 USA 176,hanle,8550,142.5,2025-10-07T13:45:00Z,2025-10-07T16:07:30Z,43.08
257,28184,0 ABS 4 (MBSAT),hanle,21480,358,2025-10-07T17:26:30Z,2025-10-07T23:24:30Z,48.79
258,28194,0 RADUGA 1-7,hanle,12090,201.5,2025-10-07T20:03:00Z,2025-10-07T23:24:30Z,55.5
259,28218,0 SUPERBIRD 6,hanle,8370,139.5,2025-10-07T13:45:00Z,2025-10-07T16:04:30Z,43.37
260,28252,0 AMC-11 (GE-11),hanle,3540,59,2025-10-07T13:45:00Z,2025-10-07T14:44:00Z,22.5
261,28378,0 ANIK F2,hanle,3840,64,2025-10-07T13:45:00Z,2025-10-07T14:49:00Z,23.3
262,28446,0 AMC-15,hanle,5010,83.5,2025-10-07T13:45:00Z,2025-10-07T15:08:30Z,27.43
263,28463,0 EXPRESS AM-1,hanle,9720,162,2025-10-07T20:42:30Z,2025-10-07T23:24:30Z,47.44
264,28526,0 NSS 10 (AMC-12),hanle,20850,347.5,2025-10-07T13:45:00Z,2025-10-07T19:32:30Z,56.83
265,28542,0 XTAR-EUR,hanle,600,10,2025-10-07T23:14:30Z,2025-10-07T23:24:30Z,12.18
266,28626,0 XM-3,hanle,9480,158,2025-10-07T13:45:00Z,2025-10-07T16:23:00Z,41.43
267,28659,0 DIRECTV 8,hanle,1650,27.5,2025-10-07T13:45:00Z,2025-10-07T14:12:30Z,15.85
268,28702,0 GALAXY 28 (IA 8),hanle,9360,156,2025-10-07T13:45:00Z,2025-10-07T16:21:00Z,41.59
269,28786,0 IPSTAR 1,hanle,8430,140.5,2025-10-07T21:04:00Z,2025-10-07T23:24:30Z,38.33
270,28868,0 ANIK F1-R,hanle,4950,82.5,2025-10-07T13:45:00Z,2025-10-07T15:07:30Z,27.03
271,28899,0 INMARSAT 4-F2,hanle,3450,57.5,2025-10-07T22:27:00Z,2025-10-07T23:24:30Z,22.25
272,28903,0 SPACEWAY 2,hanle,11100,185,2025-10-07T13:45:00Z,2025-10-07T16:50:00Z,48.11
273,28911,0 INSAT 4A,hanle,17910,298.5,2025-10-07T13:45:00Z,2025-10-07T18:43:30Z,58.33
274,28935,0 ECHOSTAR 10,hanle,3780,63,2025-10-07T13:45:00Z,2025-10-07T14:48:00Z,23.27
275,28937,0 HIMAWARI 7,hanle,18480,308,2025-10-07T13:45:00Z,2025-10-07T18:53:00Z,57.49
276,29045,0 JCSAT 9,hanle,5460,91,2025-10-07T21:53:30Z,2025-10-07T23:24:30Z,29.06
277,29163,0 THAICOM 5,hanle,8400,140,2025-10-07T21:04:30Z,2025-10-07T23:24:30Z,41.27
278,29236,0 GALAXY 16,hanle,6450,107.5,2025-10-07T13:45:00Z,2025-10-07T15:32:30Z,32.21
279,29272,0 JCSAT 10,hanle,6390,106.5,2025-10-07T21:38:00Z,2025-10-07T23:24:30Z,31.98
280,29349,0 KOREASAT 5,hanle,9930,165.5,2025-10-07T20:39:00Z,2025-10-07T23:24:30Z,43.21
281,29494,0 DIRECTV 9S,hanle,6180,103,2025-10-07T13:45:00Z,2025-10-07T15:28:00Z,31.28
282,29495,0 OPTUS D1,hanle,1020,17,2025-10-07T23:07:30Z,2025-10-07T23:24:30Z,13.69
283,29643,0 WILDBLUE 1,hanle,3780,63,2025-10-07T13:45:00Z,2025-10-07T14:48:00Z,23.08
284,29648,0 MEASAT 3,hanle,12600,210,2025-10-07T19:54:30Z,2025-10-07T23:24:30Z,51.27
285,29656,0 ETS 8,hanle,11880,198,2025-10-07T13:45:00Z,2025-10-07T17:03:00Z,55.75
286,30323,0 BEIDOU 1D,hanle,2880,48,2025-10-07T13:45:00Z,2025-10-07T14:33:00Z,19.94
287,30794,0 SKYNET 5A,hanle,13800,230,2025-10-07T19:34:30Z,2025-10-07T23:24:30Z,53.13
288,31102,0 ANIK F3,hanle,1770,29.5,2025-10-07T13:45:00Z,2025-10-07T14:14:30Z,16.23
289,31307,0 GALAXY 17,hanle,10170,169.5,2025-10-07T13:45:00Z,2025-10-07T16:34:30Z,43.93
290,31395,0 NIGCOMSAT 1,hanle,13140,219,2025-10-07T19:45:30Z,2025-10-07T23:24:30Z,59.5
291,31800,0 CHINASAT 6B,hanle,9840,164,2025-10-07T20:40:30Z,2025-10-07T23:24:30Z,43.37
292,31862,0 DIRECTV 10,hanle,5550,92.5,2025-10-07T13:45:00Z,2025-10-07T15:17:30Z,29.27
293,32018,0 SPACEWAY 3,hanle,9810,163.5,2025-10-07T13:45:00Z,2025-10-07T16:28:30Z,43.46
294,32050,0 INSAT 4CR,hanle,3600,60,2025-10-07T22:24:30Z,2025-10-07T23:24:30Z,23.44
295,32252,0 OPTUS D2,hanle,20130,335.5,2025-10-07T13:45:00Z,2025-10-07T19:20:30Z,53.4
296,32253,0 INTELSAT 11 (PAS 11),hanle,420,7,2025-10-07T23:17:30Z,2025-10-07T23:24:30Z,11.62
297,32258,0 WGS F1 (USA 195),hanle,19980,333,2025-10-07T13:45:00Z,2025-10-07T19:18:00Z,52.02
298,32387,0 RASCOM 1,hanle,13200,220,2025-10-07T13:45:00Z,2025-10-07T17:25:00Z,59.65
299,32388,0 HORIZONS 2,hanle,12780,213,2025-10-07T13:45:00Z,2025-10-07T17:18:00Z,50.16
300,32404,0 THURAYA 3,hanle,13680,228,2025-10-07T19:36:30Z,2025-10-07T23:24:30Z,55.58
301,32478,0 EXPRESS AM-33,hanle,12000,200,2025-10-07T20:04:30Z,2025-10-07T23:24:30Z,50.21
302,32729,0 DIRECTV 11,hanle,6420,107,2025-10-07T13:45:00Z,2025-10-07T15:32:00Z,32.12
303,32763,0 ICO G-1,hanle,8640,144,2025-10-07T13:45:00Z,2025-10-07T16:09:00Z,41.27
304,32767,0 VINASAT 1,hanle,5460,91,2025-10-07T21:53:30Z,2025-10-07T23:24:30Z,28.91
305,32768,0 STAR ONE C2,hanle,14670,244.5,2025-10-07T13:45:00Z,2025-10-07T17:49:30Z,51.81
306,32951,0 GALAXY 18,hanle,690,11.5,2025-10-07T13:45:00Z,2025-10-07T13:56:30Z,12.51
307,33051,0 CHINASAT 9,hanle,14880,248,2025-10-07T19:16:30Z,2025-10-07T23:24:30Z,51.42
308,33108,0 COSMOS 2440,hanle,18060,301,2025-10-07T18:23:30Z,2025-10-07T23:24:30Z,57.39
309,33207,0 ECHOSTAR 11,hanle,3840,64,2025-10-07T13:45:00Z,2025-10-07T14:49:00Z,23.49
310,33274,0 SUPERBIRD 7,hanle,2790,46.5,2025-10-07T22:38:00Z,2025-10-07T23:24:30Z,20.06
311,33275,0 AMC-21,hanle,360,6,2025-10-07T13:45:00Z,2025-10-07T13:51:00Z,11.25
312,33278,0 INMARSAT 4-F3,hanle,7260,121,2025-10-07T13:45:00Z,2025-10-07T15:46:00Z,36.09
313,33373,0 NIMIQ 4,hanle,10530,175.5,2025-10-07T13:45:00Z,2025-10-07T16:40:30Z,44.08
314,33376,0 GALAXY 19,hanle,6930,115.5,2025-10-07T13:45:00Z,2025-10-07T15:40:30Z,33.76
315,33414,0 VENESAT-1,hanle,1650,27.5,2025-10-07T22:57:00Z,2025-10-07T23:24:30Z,16.14
316,33463,0 FENGYUN 2E,hanle,1110,18.5,2025-10-07T13:45:00Z,2025-10-07T14:03:30Z,13.85
317,33596,0 EXPRESS MD1,hanle,16680,278,2025-10-07T13:45:00Z,2025-10-07T18:23:00Z,61.9
318,34111,0 TELSTAR 11N,hanle,21180,353,2025-10-07T13:45:00Z,2025-10-07T19:38:00Z,51.89
319,34264,0 RADUGA 1-8,hanle,18210,303.5,2025-10-07T13:45:00Z,2025-10-07T18:48:30Z,59.41
320,34941,0 SES 7 (PROTOSTAR 2),hanle,11100,185,2025-10-07T20:19:30Z,2025-10-07T23:24:30Z,45.49
321,35491,0 GOES 14,hanle,4290,71.5,2025-10-07T13:45:00Z,2025-10-07T14:56:30Z,24.99
322,35493,0 SIRIUS FM-5,hanle,9540,159,2025-10-07T13:45:00Z,2025-10-07T16:24:00Z,41.5
323,35496,0 TERRESTAR 1,hanle,4350,72.5,2025-10-07T13:45:00Z,2025-10-07T14:57:30Z,25.39
324,35696,0 ASIASAT 5,hanle,12960,216,2025-10-07T19:48:30Z,2025-10-07T23:24:30Z,49.12
325,35755,0 JCSAT 12,hanle,5430,90.5,2025-10-07T21:54:00Z,2025-10-07T23:24:30Z,28.82
326,35873,0 NIMIQ 5,hanle,12750,212.5,2025-10-07T13:45:00Z,2025-10-07T17:17:30Z,48.83
327,35942,0 AMAZONAS 2,hanle,15720,262,2025-10-07T13:45:00Z,2025-10-07T18:07:00Z,53.03
328,36097,0 INTELSAT 14,hanle,19410,323.5,2025-10-07T13:45:00Z,2025-10-07T19:08:30Z,51.9
329,36106,0 INTELSAT 15,hanle,16650,277.5,2025-10-07T18:47:00Z,2025-10-07T23:24:30Z,51.83
330,36108,0 WGS F3 (USA 211),hanle,18240,304,2025-10-07T18:20:30Z,2025-10-07T23:24:30Z,51.81
331,36131,0 DIRECTV 12,hanle,5580,93,2025-10-07T13:45:00Z,2025-10-07T15:18:00Z,29.33
332,36287,0 BEIDOU 3,hanle,3990,66.5,2025-10-07T22:18:00Z,2025-10-07T23:24:30Z,24.37
333,36395,0 SDO,hanle,9720,162,2025-10-07T13:45:00Z,2025-10-07T16:27:00Z,37.19
334,36397,0 INTELSAT 16,hanle,11910,198.5,2025-10-07T13:45:00Z,2025-10-07T17:03:30Z,47.23
335,36499,0 ECHOSTAR 14,hanle,1680,28,2025-10-07T13:45:00Z,2025-10-07T14:13:00Z,15.98
336,36516,0 SES 1,hanle,5970,99.5,2025-10-07T13:45:00Z,2025-10-07T15:24:30Z,30.66
337,36590,0 BEIDOU 4,hanle,17460,291,2025-10-07T18:33:30Z,2025-10-07T23:24:30Z,53.32
338,36744,0 COMS 1,hanle,6690,111.5,2025-10-07T21:33:00Z,2025-10-07T23:24:30Z,34.54
339,36792,0 ECHOSTAR 15,hanle,1710,28.5,2025-10-07T13:45:00Z,2025-10-07T14:13:30Z,16.07
340,37185,0 XM-5,hanle,2580,43,2025-10-07T13:45:00Z,2025-10-07T14:28:00Z,19.1
341,37207,0 BSAT-3B,hanle,10740,179,2025-10-07T20:25:30Z,2025-10-07T23:24:30Z,44.57
342,37218,0 SKYTERRA 1,hanle,6630,110.5,2025-10-07T13:45:00Z,2025-10-07T15:35:30Z,33.5
343,37237,0 HYLAS 1,hanle,12540,209,2025-10-07T13:45:00Z,2025-10-07T17:14:00Z,51.65
344,37238,0 INTELSAT 17,hanle,21210,353.5,2025-10-07T17:31:00Z,2025-10-07T23:24:30Z,51.87
345,37256,0 BEIDOU 7,hanle,13470,224.5,2025-10-07T19:40:00Z,2025-10-07T23:24:30Z,37.26
346,37344,0 ELEKTRO-L,hanle,21210,353.5,2025-10-07T13:45:00Z,2025-10-07T19:38:30Z,55.94
347,37384,0 BEIDOU 8,hanle,14520,242,2025-10-07T19:22:30Z,2025-10-07T23:24:30Z,68.68
348,37602,0 TELSTAR 14R,hanle,15090,251.5,2025-10-07T13:45:00Z,2025-10-07T17:56:30Z,51.5
349,37606,0 ST 2,hanle,15960,266,2025-10-07T18:58:30Z,2025-10-07T23:24:30Z,51.82
350,37677,0 CHINASAT 10,hanle,18600,310,2025-10-07T18:14:30Z,2025-10-07T23:24:30Z,51.76
351,37748,0 SES 3,hanle,5580,93,2025-10-07T13:45:00Z,2025-10-07T15:18:00Z,29.35
352,37749,0 KAZSAT 2,hanle,16320,272,2025-10-07T18:52:30Z,2025-10-07T23:24:30Z,51.87
353,37776,0 BSAT-3C,hanle,10710,178.5,2025-10-07T20:26:00Z,2025-10-07T23:24:30Z,44.5
354,37806,0 COSMOS 2473,hanle,6000,100,2025-10-07T13:45:00Z,2025-10-07T15:25:00Z,30.67
355,37809,0 SES 2,hanle,9330,155.5,2025-10-07T13:45:00Z,2025-10-07T16:20:30Z,40.94
356,37826,0 QUETZSAT 1,hanle,11730,195.5,2025-10-07T13:45:00Z,2025-10-07T17:00:30Z,46.89
357,37843,0 VIASAT 1,hanle,2580,43,2025-10-07T13:45:00Z,2025-10-07T14:28:00Z,19.14
358,37933,0 ASIASAT 7,hanle,11760,196,2025-10-07T20:08:30Z,2025-10-07T23:24:30Z,46.92
359,37950,0 AMOS 5,hanle,7110,118.5,2025-10-07T21:26:00Z,2025-10-07T23:24:30Z,36.98
360,38049,0 FENGYUN 2F,hanle,5910,98.5,2025-10-07T13:45:00Z,2025-10-07T15:23:30Z,30.7
361,38070,0 WGS F4 (USA 233),hanle,15870,264.5,2025-10-07T19:00:00Z,2025-10-07T23:24:30Z,51.8
362,38093,0 MUOS 1,hanle,7140,119,2025-10-07T13:45:00Z,2025-10-07T15:44:00Z,35.47
363,38098,0 INTELSAT 22,hanle,19770,329.5,2025-10-07T17:55:00Z,2025-10-07T23:24:30Z,51.86
364,38107,0 APSTAR 7,hanle,18720,312,2025-10-07T18:12:30Z,2025-10-07T23:24:30Z,51.85
365,38331,0 JCSAT 13,hanle,7350,122.5,2025-10-07T21:22:00Z,2025-10-07T23:24:30Z,35.04
366,38332,0 VINASAT 2,hanle,5460,91,2025-10-07T21:53:30Z,2025-10-07T23:24:30Z,28.97
367,38342,0 NIMIQ 6,hanle,8340,139,2025-10-07T13:45:00Z,2025-10-07T16:04:00Z,38.13
368,38352,0 CHINASAT 2A,hanle,13410,223.5,2025-10-07T19:41:00Z,2025-10-07T23:24:30Z,50.22
369,38551,0 ECHOSTAR 17,hanle,4500,75,2025-10-07T13:45:00Z,2025-10-07T15:00:00Z,25.73
370,38740,0 INTELSAT 20,hanle,20640,344,2025-10-07T17:40:30Z,2025-10-07T23:24:30Z,51.86
371,38741,0 HYLAS 2,hanle,13050,217.5,2025-10-07T13:45:00Z,2025-10-07T17:22:30Z,50.55
372,38749,0 INTELSAT 21,hanle,16290,271.5,2025-10-07T13:45:00Z,2025-10-07T18:16:30Z,51.9
373,38779,0 GSAT 10,hanle,17160,286,2025-10-07T18:38:30Z,2025-10-07T23:24:30Z,51.84
374,38867,0 INTELSAT 23,hanle,17460,291,2025-10-07T13:45:00Z,2025-10-07T18:36:00Z,51.85
375,38953,0 BEIDOU 16,hanle,16380,273,2025-10-07T18:51:30Z,2025-10-07T23:24:30Z,52.9
376,38991,0 STARONE C3,hanle,12180,203,2025-10-07T13:45:00Z,2025-10-07T17:08:00Z,47.77
377,39008,0 ECHOSTAR 16,hanle,15420,257,2025-10-07T13:45:00Z,2025-10-07T18:02:00Z,51.69
378,39017,0 CHINASAT 12,hanle,16080,268,2025-10-07T18:56:30Z,2025-10-07T23:24:30Z,51.84
379,39020,0 EUTE 70B,hanle,20160,336,2025-10-07T17:48:30Z,2025-10-07T23:24:30Z,51.93
380,39035,0 MEXSAT 3,hanle,2670,44.5,2025-10-07T13:45:00Z,2025-10-07T14:29:30Z,19.41
381,39078,0 AMAZONAS 3,hanle,15570,259.5,2025-10-07T13:45:00Z,2025-10-07T18:04:30Z,51.72
382,39120,0 SBIRS GEO 2 (USA 241),hanle,18030,300.5,2025-10-07T13:45:00Z,2025-10-07T18:45:30Z,55.37
383,39122,0 EUTE 117 WEST A(SATMEX 8,hanle,2190,36.5,2025-10-07T13:45:00Z,2025-10-07T14:21:30Z,17.74
384,39127,0 ANIK G1,hanle,4470,74.5,2025-10-07T13:45:00Z,2025-10-07T14:59:30Z,25.61
385,39157,0 CHINASAT 11,hanle,13590,226.5,2025-10-07T19:38:00Z,2025-10-07T23:24:30Z,50.06
386,39168,0 WGS 5 (USA 243),hanle,17580,293,2025-10-07T13:45:00Z,2025-10-07T18:38:00Z,51.87
387,39172,0 SES 6,hanle,20460,341,2025-10-07T13:45:00Z,2025-10-07T19:26:00Z,51.89
388,39199,0 IRNSS R1A,hanle,14430,240.5,2025-10-07T19:24:00Z,2025-10-07T23:24:30Z,38.22
389,39216,0 INSAT 3D,hanle,6090,101.5,2025-10-07T21:43:00Z,2025-10-07T23:24:30Z,31.52
390,39234,0 GSAT 7,hanle,19290,321.5,2025-10-07T18:03:00Z,2025-10-07T23:24:30Z,51.84
391,39237,0 AMOS 4,hanle,21480,358,2025-10-07T17:26:30Z,2025-10-07T23:24:30Z,51.87
392,39256,0 AEHF 3 (USA 246),hanle,660,11,2025-10-07T13:45:00Z,2025-10-07T13:56:00Z,12.36
393,39360,0 SIRIUS FM-6,hanle,2370,39.5,2025-10-07T13:45:00Z,2025-10-07T14:24:30Z,18.33
394,39460,0 SES 8,hanle,14280,238,2025-10-07T19:26:30Z,2025-10-07T23:24:30Z,50.86
395,39481,0 TKSAT 1,hanle,9270,154.5,2025-10-07T13:45:00Z,2025-10-07T16:19:30Z,40.82
396,39487,0 EXPRESS AM-5,hanle,3480,58,2025-10-07T22:26:30Z,2025-10-07T23:24:30Z,22.27
397,39498,0 GSAT 14,hanle,19290,321.5,2025-10-07T18:03:00Z,2025-10-07T23:24:30Z,51.86
398,39500,0 THAICOM 6,hanle,18210,303.5,2025-10-07T18:21:00Z,2025-10-07T23:24:30Z,51.82
399,39504,0 TDRS 12,hanle,19770,329.5,2025-10-07T13:45:00Z,2025-10-07T19:14:30Z,51.61
400,39508,0 ABS 2,hanle,19080,318,2025-10-07T18:06:30Z,2025-10-07T23:24:30Z,51.85
401,39613,0 EXPRESS AT2,hanle,3540,59,2025-10-07T22:25:30Z,2025-10-07T23:24:30Z,22.42
402,39616,0 AMAZONAS 4A,hanle,12450,207.5,2025-10-07T13:45:00Z,2025-10-07T17:12:30Z,48.2
403,39727,0 LUCH 5V,hanle,13980,233,2025-10-07T19:31:30Z,2025-10-07T23:24:30Z,53.5
404,40100,0 USA 254,hanle,10020,167,2025-10-07T20:37:30Z,2025-10-07T23:24:30Z,45.59
405,40107,0 ASIASAT 8,hanle,11820,197,2025-10-07T20:07:30Z,2025-10-07T23:24:30Z,46.99
406,40141,0 ASIASAT 6,hanle,8310,138.5,2025-10-07T21:06:00Z,2025-10-07T23:24:30Z,38.02
407,40147,0 MEASAT 3B,hanle,15120,252,2025-10-07T19:12:30Z,2025-10-07T23:24:30Z,51.56
408,40258,0 LUCH (OLYMP),hanle,21120,352,2025-10-07T17:32:30Z,2025-10-07T23:24:30Z,51.09
409,40267,0 HIMAWARI 8,hanle,3360,56,2025-10-07T22:28:30Z,2025-10-07T23:24:30Z,21.77
410,40269,0 IRNSS 1C,hanle,16170,269.5,2025-10-07T18:55:00Z,2025-10-07T23:24:30Z,51.29
411,40271,0 INTELSAT 30,hanle,7380,123,2025-10-07T13:45:00Z,2025-10-07T15:48:00Z,35.23
412,40272,0 ARSAT 1,hanle,12960,216,2025-10-07T13:45:00Z,2025-10-07T17:21:00Z,49.14
413,40333,0 DIRECTV 14,hanle,6390,106.5,2025-10-07T13:45:00Z,2025-10-07T15:31:30Z,32.02
414,40345,0 YAMAL 401,hanle,15480,258,2025-10-07T19:06:30Z,2025-10-07T23:24:30Z,51.7
415,40367,0 FENGYUN 2G,hanle,12840,214,2025-10-07T19:50:30Z,2025-10-07T23:24:30Z,52.31
416,40384,0 INMARSAT 5-F2,hanle,16980,283,2025-10-07T13:45:00Z,2025-10-07T18:28:00Z,51.87
417,40425,0 EUTE 115 WEST B(SATMEX 7,hanle,2640,44,2025-10-07T13:45:00Z,2025-10-07T14:29:00Z,19.36
418,40663,0 DIRECTV 15,hanle,5550,92.5,2025-10-07T13:45:00Z,2025-10-07T15:17:30Z,29.26
419,40664,0 SKY MEXICO-1,hanle,11280,188,2025-10-07T13:45:00Z,2025-10-07T16:53:00Z,45.88
420,40733,0 STARONE C4,hanle,13380,223,2025-10-07T13:45:00Z,2025-10-07T17:28:00Z,49.83
421,40874,0 INTELSAT 34,hanle,16860,281,2025-10-07T13:45:00Z,2025-10-07T18:26:00Z,51.84
422,40880,0 GSAT 6,hanle,17070,284.5,2025-10-07T18:40:00Z,2025-10-07T23:24:30Z,51.87
423,40887,0 MUOS 4,hanle,18750,312.5,2025-10-07T18:12:00Z,2025-10-07T23:24:30Z,54.2
424,40938,0 BD-20,hanle,16500,275,2025-10-07T18:49:30Z,2025-10-07T23:24:30Z,40.79
425,40940,0 SKY MUSTER,hanle,3450,57.5,2025-10-07T22:27:00Z,2025-10-07T23:24:30Z,22.1
426,40941,0 ARSAT 2,hanle,10770,179.5,2025-10-07T13:45:00Z,2025-10-07T16:44:30Z,44.66
427,40946,0 MORELOS 3,hanle,3510,58.5,2025-10-07T13:45:00Z,2025-10-07T14:43:30Z,22.74
428,40982,0 APSTAR 9,hanle,3030,50.5,2025-10-07T22:34:00Z,2025-10-07T23:24:30Z,20.69
429,41021,0 CHINASAT 2C,hanle,12270,204.5,2025-10-07T20:00:00Z,2025-10-07T23:24:30Z,47.97
430,41028,0 GSAT 15,hanle,14640,244,2025-10-07T19:20:30Z,2025-10-07T23:24:30Z,51.18
431,41034,0 LAOSAT 1,hanle,6270,104.5,2025-10-07T21:40:00Z,2025-10-07T23:24:30Z,31.61
432,41103,0 CHINASAT 1C,hanle,14820,247,2025-10-07T13:45:00Z,2025-10-07T17:52:00Z,58.09
433,41121,0 COSMOS 2513,hanle,17790,296.5,2025-10-07T18:28:00Z,2025-10-07T23:24:30Z,51.83
434,41194,0 GAOFEN 4,hanle,11700,195,2025-10-07T20:09:30Z,2025-10-07T23:24:30Z,46.85
435,41241,0 IRNSS 1E,hanle,11370,189.5,2025-10-07T20:15:00Z,2025-10-07T23:24:30Z,68.44
436,41380,0 SES 9,hanle,11100,185,2025-10-07T20:19:30Z,2025-10-07T23:24:30Z,45.43
437,41382,0 EUTE 65W,hanle,14550,242.5,2025-10-07T13:45:00Z,2025-10-07T17:47:30Z,51.2
438,41434,0 BEIDOU IGSO-6,hanle,14640,244,2025-10-07T19:20:30Z,2025-10-07T23:24:30Z,81.21
439,41469,0 IRNSS 1G,hanle,6120,102,2025-10-07T21:42:30Z,2025-10-07T23:24:30Z,32.73
440,41471,0 JCSAT 2B,hanle,180,3,2025-10-07T23:21:30Z,2025-10-07T23:24:30Z,10.64
441,41552,0 THAICOM 8,hanle,18240,304,2025-10-07T18:20:30Z,2025-10-07T23:24:30Z,51.91
442,41581,0 INTELSAT 31,hanle,7380,123,2025-10-07T13:45:00Z,2025-10-07T15:48:00Z,35.22
443,41586,0 BD-2-G7,hanle,10590,176.5,2025-10-07T20:28:00Z,2025-10-07T23:24:30Z,45.34
444,41588,0 ABS 2A,hanle,19140,319,2025-10-07T18:05:30Z,2025-10-07T23:24:30Z,51.84
445,41589,0 EUTE 117W B,hanle,2160,36,2025-10-07T13:45:00Z,2025-10-07T14:21:00Z,17.61
446,41591,0 BRISAT,hanle,990,16.5,2025-10-07T23:08:00Z,2025-10-07T23:24:30Z,13.55
447,41592,0 ECHOSTAR 18,hanle,15480,258,2025-10-07T13:45:00Z,2025-10-07T18:03:00Z,51.7
448,41725,0 TIANTONG-1 1,hanle,12930,215.5,2025-10-07T19:49:00Z,2025-10-07T23:24:30Z,52.13
449,41729,0 JCSAT 16,hanle,2580,43,2025-10-07T22:41:30Z,2025-10-07T23:24:30Z,19.05
450,41744,0 USA 270,hanle,5460,91,2025-10-07T21:53:30Z,2025-10-07T23:24:30Z,29.96
451,41745,0 USA 271,hanle,12330,205.5,2025-10-07T19:59:00Z,2025-10-07T23:24:30Z,50.27
452,41747,0 INTELSAT 36,hanle,20640,344,2025-10-07T17:40:30Z,2025-10-07T23:24:30Z,51.87
453,41748,0 INTELSAT 33E,hanle,6840,114,2025-10-07T21:30:30Z,2025-10-07T23:24:30Z,33.91
454,41752,0 INSAT 3DR,hanle,19260,321,2025-10-07T18:03:30Z,2025-10-07T23:24:30Z,51.83
455,41793,0 GSAT 18,hanle,19320,322,2025-10-07T18:02:30Z,2025-10-07T23:24:30Z,51.84
456,41794,0 SKY MUSTER 2,hanle,2340,39,2025-10-07T22:45:30Z,2025-10-07T23:24:30Z,18.31
457,41836,0 HIMAWARI 9,hanle,3330,55.5,2025-10-07T22:29:00Z,2025-10-07T23:24:30Z,21.67
458,41866,0 GOES 16,hanle,5100,85,2025-10-07T13:45:00Z,2025-10-07T15:10:00Z,27.76
459,41879,0 WGS 8 (USA 272),hanle,1170,19.5,2025-10-07T23:05:00Z,2025-10-07T23:24:30Z,14.13
460,41882,0 FENGYUN 4A,hanle,7470,124.5,2025-10-07T21:20:00Z,2025-10-07T23:24:30Z,36.23
461,41893,0 ECHOSTAR 19,hanle,6900,115,2025-10-07T13:45:00Z,2025-10-07T15:40:00Z,33.69
462,41903,0 JCSAT 15,hanle,10680,178,2025-10-07T20:26:30Z,2025-10-07T23:24:30Z,44.43
463,41904,0 STARONE D1,hanle,10050,167.5,2025-10-07T13:45:00Z,2025-10-07T16:32:30Z,42.9
464,41911,0 TJS-2,hanle,21090,351.5,2025-10-07T17:33:00Z,2025-10-07T23:24:30Z,51.75
465,41942,0 HISPASAT 36W-1,hanle,21540,359,2025-10-07T13:45:00Z,2025-10-07T19:44:00Z,51.89
466,41944,0 TELKOM 3S,hanle,8790,146.5,2025-10-07T20:58:00Z,2025-10-07T23:24:30Z,39.37
467,41945,0 INTELSAT 32E,hanle,19830,330.5,2025-10-07T13:45:00Z,2025-10-07T19:15:30Z,51.9
468,42070,0 ECHOSTAR 23,hanle,3840,64,2025-10-07T13:45:00Z,2025-10-07T14:49:00Z,23.47
469,42432,0 SES 10,hanle,14130,235.5,2025-10-07T13:45:00Z,2025-10-07T17:40:30Z,50.76
470,42662,0 CHINASAT 16,hanle,10560,176,2025-10-07T20:28:30Z,2025-10-07T23:24:30Z,44.22
471,42691,0 KOREASAT 7,hanle,9270,154.5,2025-10-07T20:50:00Z,2025-10-07T23:24:30Z,40.8
472,42692,0 SGDC,hanle,12240,204,2025-10-07T13:45:00Z,2025-10-07T17:09:00Z,47.9
473,42695,0 GSAT 9,hanle,13710,228.5,2025-10-07T19:36:00Z,2025-10-07T23:24:30Z,50.27
474,42740,0 VIASAT 2,hanle,13410,223.5,2025-10-07T13:45:00Z,2025-10-07T17:28:30Z,49.82
475,42815,0 GSAT 17,hanle,14610,243.5,2025-10-07T19:21:00Z,2025-10-07T23:24:30Z,51.2
476,42917,0 QZS-3,hanle,6600,110,2025-10-07T21:34:30Z,2025-10-07T23:24:30Z,32.71
477,42934,0 AMAZONAS 5,hanle,15540,259,2025-10-07T13:45:00Z,2025-10-07T18:04:00Z,51.73
478,42942,0 ASIASAT 9,hanle,7800,130,2025-10-07T21:14:30Z,2025-10-07T23:24:30Z,36.44
479,42951,0 BSAT-4A,hanle,10740,179,2025-10-07T20:25:30Z,2025-10-07T23:24:30Z,44.63
480,42967,0 ECHOSTAR 105/SES 11,hanle,5010,83.5,2025-10-07T13:45:00Z,2025-10-07T15:08:30Z,27.51
481,42984,0 KOREASAT 5A,hanle,9930,165.5,2025-10-07T20:39:00Z,2025-10-07T23:24:30Z,42.58
482,43087,0 ANGOSAT 1,hanle,14550,242.5,2025-10-07T13:45:00Z,2025-10-07T17:47:30Z,58.14
483,43175,0 SES 14,hanle,18780,313,2025-10-07T13:45:00Z,2025-10-07T18:58:00Z,51.88
484,43226,0 GOES 17,hanle,8760,146,2025-10-07T13:45:00Z,2025-10-07T16:11:00Z,39.39
485,43286,0 IRNSS 1I,hanle,16500,275,2025-10-07T18:49:30Z,2025-10-07T23:24:30Z,34.76
486,43339,0 USA 283,hanle,4920,82,2025-10-07T22:02:30Z,2025-10-07T23:24:30Z,27.15
487,43432,0 COSMOS 2526,hanle,6360,106,2025-10-07T21:38:30Z,2025-10-07T23:24:30Z,31.91
488,43450,0 APSTAR 6C,hanle,4950,82.5,2025-10-07T22:02:00Z,2025-10-07T23:24:30Z,27.24
489,43463,0 BANGABANDHUSAT-1,hanle,8520,142,2025-10-07T21:02:30Z,2025-10-07T23:24:30Z,38.6
490,43488,0 SES 12,hanle,14280,238,2025-10-07T19:26:30Z,2025-10-07T23:24:30Z,50.88
491,43491,0 FENGYUN 2H,hanle,17730,295.5,2025-10-07T18:29:00Z,2025-10-07T23:24:30Z,51.75
492,43562,0 TELSTAR 19V,hanle,15090,251.5,2025-10-07T13:45:00Z,2025-10-07T17:56:30Z,51.51
493,43587,0 TELKOM-4,hanle,11160,186,2025-10-07T20:18:30Z,2025-10-07T23:24:30Z,45.63
494,43611,0 TELSTAR 18V,hanle,3990,66.5,2025-10-07T22:18:00Z,2025-10-07T23:24:30Z,23.96
495,43651,0 AEHF 4 (USA 288),hanle,13680,228,2025-10-07T13:45:00Z,2025-10-07T17:33:00Z,50.82
496,43683,0 BEIDOU 3G1,hanle,3720,62,2025-10-07T22:22:30Z,2025-10-07T23:24:30Z,23.59
497,43823,0 GEO-KOMPSAT-2A,hanle,6330,105.5,2025-10-07T21:39:00Z,2025-10-07T23:24:30Z,31.79
498,43824,0 GSAT 11,hanle,19320,322,2025-10-07T18:02:30Z,2025-10-07T23:24:30Z,51.86
499,43867,0 COSMOS 2533,hanle,20250,337.5,2025-10-07T17:47:00Z,2025-10-07T23:24:30Z,51.85
500,43920,0 CHINASAT 2D,hanle,5910,98.5,2025-10-07T21:46:00Z,2025-10-07T23:24:30Z,30.44
501,44048,0 NUSANTARA SATU,hanle,2070,34.5,2025-10-07T22:50:00Z,2025-10-07T23:24:30Z,17.32
502,44067,0 CHINASAT 6C,hanle,5790,96.5,2025-10-07T21:48:00Z,2025-10-07T23:24:30Z,30
503,44076,0 TIANLIAN 2-01,hanle,18600,310,2025-10-07T18:14:30Z,2025-10-07T23:24:30Z,51.91
504,44204,0 BEIDOU 3 IGSO-1,hanle,14580,243,2025-10-07T19:21:30Z,2025-10-07T23:24:30Z,54.31
505,44231,0 BEIDOU 2 G8,hanle,2640,44,2025-10-07T22:40:30Z,2025-10-07T23:24:30Z,19.46
506,44333,0 AT&T T-16,hanle,6000,100,2025-10-07T13:45:00Z,2025-10-07T15:25:00Z,30.8
507,44475,0 EDRS-C,hanle,2910,48.5,2025-10-07T22:36:00Z,2025-10-07T23:24:30Z,20.28
508,44481,0 AEHF 5 (USA 292),hanle,14850,247.5,2025-10-07T19:17:00Z,2025-10-07T23:24:30Z,52.44
509,44637,0 TJS-4,hanle,17010,283.5,2025-10-07T18:41:00Z,2025-10-07T23:24:30Z,51.85
510,44709,0 BEIDOU 3 IGSO-3,hanle,9090,151.5,2025-10-07T20:53:00Z,2025-10-07T23:24:30Z,27.29
511,44868,0 JCSAT 18,hanle,1110,18.5,2025-10-07T23:06:00Z,2025-10-07T23:24:30Z,13.96
512,44903,0 ELEKTRO-L 3,hanle,18810,313.5,2025-10-07T18:11:00Z,2025-10-07T23:24:30Z,51.89
513,44910,0 SJ-20,hanle,17670,294.5,2025-10-07T18:30:00Z,2025-10-07T23:24:30Z,51.87
514,44978,0 TJS-5,hanle,11280,188,2025-10-07T20:16:30Z,2025-10-07T23:24:30Z,45.94
515,45026,0 GSAT 30,hanle,17160,286,2025-10-07T18:38:30Z,2025-10-07T23:24:30Z,51.84
516,45245,0 JCSAT 17,hanle,5130,85.5,2025-10-07T21:59:00Z,2025-10-07T23:24:30Z,27.41
517,45246,0 GEO-KOMPSAT-2B,hanle,6330,105.5,2025-10-07T21:39:00Z,2025-10-07T23:24:30Z,31.79
518,45344,0 BEIDOU 3 G2,hanle,17640,294,2025-10-07T18:30:30Z,2025-10-07T23:24:30Z,53.93
519,45465,0 AEHF 6 (USA 298),hanle,3960,66,2025-10-07T22:18:30Z,2025-10-07T23:24:30Z,23.38
520,45807,0 BEIDOU 3 G3,hanle,10590,176.5,2025-10-07T20:28:00Z,2025-10-07T23:24:30Z,45.47
521,45863,0 APSTAR 6D,hanle,4950,82.5,2025-10-07T22:02:00Z,2025-10-07T23:24:30Z,27.22
522,45920,0 KOREASAT 116,hanle,9210,153.5,2025-10-07T20:51:00Z,2025-10-07T23:24:30Z,40.59
523,45985,0 EXPRESS 103,hanle,13920,232,2025-10-07T19:32:30Z,2025-10-07T23:24:30Z,50.46
524,45986,0 EXPRESS 80,hanle,17880,298,2025-10-07T18:26:30Z,2025-10-07T23:24:30Z,51.85
525,46112,0 BSAT-4B,hanle,10740,179,2025-10-07T20:25:30Z,2025-10-07T23:24:30Z,44.6
526,46114,0 GALAXY 30,hanle,210,3.5,2025-10-07T13:45:00Z,2025-10-07T13:48:30Z,10.8
527,46610,0 GAOFEN 13,hanle,8820,147,2025-10-07T20:57:30Z,2025-10-07T23:24:30Z,39.53
528,46916,0 TIANTONG-1 2,hanle,7200,120,2025-10-07T21:24:30Z,2025-10-07T23:24:30Z,34.2
529,47202,0 LUCAS (JDRS-1),hanle,15270,254.5,2025-10-07T19:10:00Z,2025-10-07T23:24:30Z,51.64
530,47240,0 XM-7,hanle,9780,163,2025-10-07T13:45:00Z,2025-10-07T16:28:00Z,42.14
531,47256,0 CMS-01,hanle,17130,285.5,2025-10-07T18:39:00Z,2025-10-07T23:24:30Z,51.85
532,47321,0 TIANTONG-1 3,hanle,17760,296,2025-10-07T18:28:30Z,2025-10-07T23:24:30Z,53.91
533,47851,0 SHIYAN 9 (SY-9),hanle,780,13,2025-10-07T23:11:30Z,2025-10-07T23:24:30Z,12.18
534,48618,0 SBIRS GEO 5 (USA 315),hanle,15420,257,2025-10-07T19:07:30Z,2025-10-07T23:24:30Z,55.46
535,48808,0 FENGYUN 4B,hanle,11970,199.5,2025-10-07T20:05:00Z,2025-10-07T23:24:30Z,47.26
536,48838,0 XM-8,hanle,9810,163.5,2025-10-07T13:45:00Z,2025-10-07T16:28:30Z,42.26
537,49055,0 STARONE D2,hanle,13380,223,2025-10-07T13:45:00Z,2025-10-07T17:28:00Z,49.75
538,49062,0 CHINASAT 2E,hanle,13560,226,2025-10-07T19:38:30Z,2025-10-07T23:24:30Z,50.02
539,49115,0 TJS-7,hanle,6300,105,2025-10-07T13:45:00Z,2025-10-07T15:30:00Z,31.79
540,49125,0 CHINASAT 9B,hanle,12750,212.5,2025-10-07T19:52:00Z,2025-10-07T23:24:30Z,48.79
541,49330,0 SJ-21,hanle,7080,118,2025-10-07T21:26:30Z,2025-10-07T23:24:30Z,35.91
542,49332,0 SES 17,hanle,14100,235,2025-10-07T13:45:00Z,2025-10-07T17:40:00Z,50.7
543,49505,0 CHINASAT 1D,hanle,5880,98,2025-10-07T21:46:30Z,2025-10-07T23:24:30Z,30.36
544,49817,0 STPSAT-6,hanle,3420,57,2025-10-07T13:45:00Z,2025-10-07T14:42:00Z,22.02
545,50001,0 EXPRESS AMU-7,hanle,2310,38.5,2025-10-07T22:46:00Z,2025-10-07T23:24:30Z,18.15
546,50002,0 EXPRESS AMU-3,hanle,12360,206,2025-10-07T19:58:30Z,2025-10-07T23:24:30Z,48.07
547,50319,0 INMARSAT 6-F1,hanle,16980,283,2025-10-07T18:41:30Z,2025-10-07T23:24:30Z,51.84
548,50321,0 SHIYAN 12 01 (SY-12 01),hanle,9720,162,2025-10-07T20:42:30Z,2025-10-07T23:24:30Z,43.7
549,50322,0 SHIYAN 12 02 (SY-12 02),hanle,7290,121.5,2025-10-07T21:23:00Z,2025-10-07T23:24:30Z,36.21
550,50574,0 TJS-9,hanle,4170,69.5,2025-10-07T22:15:00Z,2025-10-07T23:24:30Z,24.57
551,52255,0 CHINASAT 6D,hanle,7080,118,2025-10-07T21:26:30Z,2025-10-07T23:24:30Z,34.2
552,52903,0 CMS-02,hanle,17130,285.5,2025-10-07T18:39:00Z,2025-10-07T23:24:30Z,51.85
553,52904,0 MEASAT 3D,hanle,15120,252,2025-10-07T19:12:30Z,2025-10-07T23:24:30Z,51.55
554,52940,0 WFOV (USA 332),hanle,8550,142.5,2025-10-07T21:02:00Z,2025-10-07T23:24:30Z,40.32
555,53355,0 SBIRS GEO 6 (USA 336),hanle,3780,63,2025-10-07T22:21:30Z,2025-10-07T23:24:30Z,22.61
556,53813,0 CHINASAT 1E,hanle,17520,292,2025-10-07T18:32:30Z,2025-10-07T23:24:30Z,51.86
557,53960,0 SES 20,hanle,5490,91.5,2025-10-07T13:45:00Z,2025-10-07T15:16:30Z,29.02
558,54243,0 GALAXY 31,hanle,1170,19.5,2025-10-07T13:45:00Z,2025-10-07T14:04:30Z,14.22
559,54244,0 GALAXY 32,hanle,8370,139.5,2025-10-07T13:45:00Z,2025-10-07T16:04:30Z,38.2
560,54741,0 GALAXY 35,hanle,7860,131,2025-10-07T13:45:00Z,2025-10-07T15:56:00Z,36.66
561,54742,0 GALAXY 36,hanle,8850,147.5,2025-10-07T13:45:00Z,2025-10-07T16:12:30Z,39.58
562,55239,0 APSTAR 6E,hanle,4950,82.5,2025-10-07T22:02:00Z,2025-10-07T23:24:30Z,27.23
563,55246,0 LINUSS1,hanle,8730,145.5,2025-10-07T13:45:00Z,2025-10-07T16:10:30Z,40.8
564,55247,0 LINUSS2,hanle,6990,116.5,2025-10-07T13:45:00Z,2025-10-07T15:41:30Z,34.73
565,55508,0 AMAZONAS NEXUS,hanle,15540,259,2025-10-07T13:45:00Z,2025-10-07T18:04:00Z,51.76
566,55686,0 CHINASAT-26,hanle,7080,118,2025-10-07T21:26:30Z,2025-10-07T23:24:30Z,34.22
567,55912,0 GAOFEN 13 02,hanle,1530,25.5,2025-10-07T22:59:00Z,2025-10-07T23:24:30Z,15.39
568,55970,0 SES 18,hanle,5460,91,2025-10-07T13:45:00Z,2025-10-07T15:16:00Z,28.99
569,56174,0 INTELSAT 40E,hanle,8370,139.5,2025-10-07T13:45:00Z,2025-10-07T16:04:30Z,38.18
570,56370,0 VIASAT 3-F1,hanle,8850,147.5,2025-10-07T13:45:00Z,2025-10-07T16:12:30Z,39.63
571,56372,0 GS-1,hanle,20790,346.5,2025-10-07T17:38:00Z,2025-10-07T23:24:30Z,50.75
572,56759,0 NVS-01,hanle,5790,96.5,2025-10-07T21:48:00Z,2025-10-07T23:24:30Z,29.12
573,57045,0 NUSANTARA TIGA,hanle,2070,34.5,2025-10-07T22:50:00Z,2025-10-07T23:24:30Z,17.36
574,57479,0 JUPITER 3 (ECHOSTAR 24),hanle,7350,122.5,2025-10-07T13:45:00Z,2025-10-07T15:47:30Z,35.07
575,57624,0 LUDI TANCE-4 01A,hanle,15000,250,2025-10-07T19:14:30Z,2025-10-07T23:24:30Z,35.13
576,58253,0 CHINASAT-6E,hanle,9360,156,2025-10-07T20:48:30Z,2025-10-07T23:24:30Z,41.01
577,58582,0 YAOGAN-41,hanle,7860,131,2025-10-07T21:13:30Z,2025-10-07T23:24:30Z,35.64
578,58990,0 INSAT 3DS,hanle,17370,289.5,2025-10-07T18:35:00Z,2025-10-07T23:24:30Z,51.85
579,58995,0 TELKOMSAT 113BT,hanle,9990,166.5,2025-10-07T20:38:00Z,2025-10-07T23:24:30Z,42.7
580,59020,0 TJS-11,hanle,8820,147,2025-10-07T20:57:30Z,2025-10-07T23:24:30Z,38.81
581,60133,0 GOES 19,hanle,12150,202.5,2025-10-07T13:45:00Z,2025-10-07T17:07:30Z,47.75
582,60179,0 CHINASAT-3A,hanle,12690,211.5,2025-10-07T19:53:00Z,2025-10-07T23:24:30Z,48.7
583,60327,0 HG-02,hanle,390,6.5,2025-10-07T23:18:00Z,2025-10-07T23:24:30Z,11.42
584,60606,0 CHINASAT 4A,hanle,8730,145.5,2025-10-07T20:59:00Z,2025-10-07T23:24:30Z,38.3
585,61503,0 HG-03,hanle,11700,195,2025-10-07T13:45:00Z,2025-10-07T17:00:00Z,46.8
586,61733,0 DSN-3,hanle,2550,42.5,2025-10-07T22:42:00Z,2025-10-07T23:24:30Z,18.95
587,61910,0 KOREASAT 6A,hanle,9240,154,2025-10-07T20:50:30Z,2025-10-07T23:24:30Z,40.69
588,62006,0 ADS-01,hanle,8730,145.5,2025-10-07T20:59:00Z,2025-10-07T23:24:30Z,39.13
589,62028,0 GSAT 20,hanle,20730,345.5,2025-10-07T17:39:00Z,2025-10-07T23:24:30Z,51.84
590,62259,0 SIRIUS XM-9,hanle,9750,162.5,2025-10-07T13:45:00Z,2025-10-07T16:27:30Z,42.17
591,62374,0 TJS-12,hanle,1830,30.5,2025-10-07T22:54:00Z,2025-10-07T23:24:30Z,16.32
592,62455,0 NUVIEW ALPHA,hanle,10260,171,2025-10-07T13:45:00Z,2025-10-07T16:36:00Z,43.49
593,62456,0 AGILA,hanle,600,10,2025-10-07T23:14:30Z,2025-10-07T23:24:30Z,12.19
594,62457,0 NUVIEW BRAVO,hanle,10260,171,2025-10-07T13:45:00Z,2025-10-07T16:36:00Z,43.39
595,62485,0 SJ-25,hanle,7080,118,2025-10-07T21:26:30Z,2025-10-07T23:24:30Z,35.91
596,62876,0 QZS-6,hanle,15360,256,2025-10-07T19:08:30Z,2025-10-07T23:24:30Z,51.7
597,63075,0 CHINASAT 10R,hanle,10560,176,2025-10-07T20:28:30Z,2025-10-07T23:24:30Z,44.16
598,63157,0 TJS-15,hanle,14430,240.5,2025-10-07T19:24:00Z,2025-10-07T23:24:30Z,51.04
599,63361,0 TIANLIAN-2 04,hanle,18600,310,2025-10-07T18:14:30Z,2025-10-07T23:24:30Z,53.64
600,63924,0 TJS-19,hanle,3210,53.5,2025-10-07T22:31:00Z,2025-10-07T23:24:30Z,20.71
601,64290,0 SIRIUS XM-10,hanle,2340,39,2025-10-07T13:45:00Z,2025-10-07T14:24:00Z,18.33
602,64470,0 CHINASAT-9C,hanle,14940,249,2025-10-07T19:15:30Z,2025-10-07T23:24:30Z,51.42
603,65486,0 SHIYAN 29,hanle,15840,264,2025-10-07T19:00:30Z,2025-10-07T23:24:30Z,81.21